Domain Code,Domain,Area Code (M49),Area,Element Code,Element,Item Code (CPC),Item,Year Code,Year,Unit,Value,Flag,Flag Description,Note
QCL,Crops and livestock products,840,United States of America,5510,Production,1371,"Almonds, in shell",2000,2000,t,533000,A,Official figure,
QCL,Crops and livestock products,840,United States of America,5510,Production,1371,"Almonds, in shell",2001,2001,t,609178,A,Official figure,
QCL,Crops and livestock products,840,United States of America,5510,Production,1371,"Almonds, in shell",2002,2002,t,800051,A,Official figure,
QCL,Crops and livestock products,840,United States of America,5510,Production,1371,"Almonds, in shell",2003,2003,t,786262,A,Official figure,
QCL,Crops and livestock products,840,United States of America,5510,Production,1371,"Almonds, in shell",2004,2004,t,785985,A,Official figure,
QCL,Crops and livestock products,840,United States of America,5510,Production,1371,"Almonds, in shell",2005,2005,t,703431,A,Official figure,
QCL,Crops and livestock products,840,United States of America,5510,Production,1371,"Almonds, in shell",2006,2006,t,846131,A,Official figure,
QCL,Crops and livestock products,840,United States of America,5510,Production,1371,"Almonds, in shell",2007,2007,t,1212900,A,Official figure,
QCL,Crops and livestock products,840,United States of America,5510,Production,1371,"Almonds, in shell",2008,2008,t,1410000,A,Official figure,
QCL,Crops and livestock products,840,United States of America,5510,Production,1371,"Almonds, in shell",2009,2009,t,1162200,A,Official figure,
QCL,Crops and livestock products,840,United States of America,5510,Production,1371,"Almonds, in shell",2010,2010,t,1413800,A,Official figure,
QCL,Crops and livestock products,840,United States of America,5510,Production,1371,"Almonds, in shell",2011,2011,t,1841587,A,Official figure,
QCL,Crops and livestock products,840,United States of America,5510,Production,1371,"Almonds, in shell",2012,2012,t,1655000,A,Official figure,
QCL,Crops and livestock products,840,United States of America,5510,Production,1371,"Almonds, in shell",2013,2013,t,1732800,A,Official figure,
QCL,Crops and livestock products,840,United States of America,5510,Production,1371,"Almonds, in shell",2014,2014,t,1545500,A,Official figure,
QCL,Crops and livestock products,840,United States of America,5510,Production,1371,"Almonds, in shell",2015,2015,t,1436383,X,Figure from external organization,Unofficial figure
QCL,Crops and livestock products,840,United States of America,5510,Production,1371,"Almonds, in shell",2016,2016,t,1617816,X,Figure from external organization,Unofficial figure
QCL,Crops and livestock products,840,United States of America,5510,Production,1371,"Almonds, in shell",2017,2017,t,1716850,A,Official figure,
QCL,Crops and livestock products,840,United States of America,5510,Production,1371,"Almonds, in shell",2018,2018,t,1721380,A,Official figure,
QCL,Crops and livestock products,840,United States of America,5510,Production,1371,"Almonds, in shell",2019,2019,t,1913160,A,Official figure,
QCL,Crops and livestock products,840,United States of America,5510,Production,1371,"Almonds, in shell",2020,2020,t,2345070,A,Official figure,
QCL,Crops and livestock products,840,United States of America,5510,Production,1371,"Almonds, in shell",2021,2021,t,2204370,A,Official figure,
QCL,Crops and livestock products,840,United States of America,5510,Production,1371,"Almonds, in shell",2022,2022,t,1869160,A,Official figure,
QCL,Crops and livestock products,840,United States of America,5510,Production,1371,"Almonds, in shell",2023,2023,t,1751770,A,Official figure,
QCL,Crops and livestock products,840,United States of America,5510,Production,1371,"Almonds, in shell",2024,2024,t,2000340,A,Official figure,
QCL,Crops and livestock products,840,United States of America,5510,Production,1341,Apples,2000,2000,t,4799416,A,Official figure,
QCL,Crops and livestock products,840,United States of America,5510,Production,1341,Apples,2001,2001,t,4274201,A,Official figure,
QCL,Crops and livestock products,840,United States of America,5510,Production,1341,Apples,2002,2002,t,3866376,A,Official figure,
QCL,Crops and livestock products,840,United States of America,5510,Production,1341,Apples,2003,2003,t,3982586,A,Official figure,
QCL,Crops and livestock products,840,United States of America,5510,Production,1341,Apples,2004,2004,t,4722849,A,Official figure,
QCL,Crops and livestock products,840,United States of America,5510,Production,1341,Apples,2005,2005,t,4384832,A,Official figure,
QCL,Crops and livestock products,840,United States of America,5510,Production,1341,Apples,2006,2006,t,4455819,A,Official figure,
QCL,Crops and livestock products,840,United States of America,5510,Production,1341,Apples,2007,2007,t,4122883,A,Official figure,
QCL,Crops and livestock products,840,United States of America,5510,Production,1341,Apples,2008,2008,t,4365055,A,Official figure,
QCL,Crops and livestock products,840,United States of America,5510,Production,1341,Apples,2009,2009,t,4394267,A,Official figure,
QCL,Crops and livestock products,840,United States of America,5510,Production,1341,Apples,2010,2010,t,4210290,A,Official figure,
QCL,Crops and livestock products,840,United States of America,5510,Production,1341,Apples,2011,2011,t,4281731,A,Official figure,
QCL,Crops and livestock products,840,United States of America,5510,Production,1341,Apples,2012,2012,t,4078839,A,Official figure,
QCL,Crops and livestock products,840,United States of America,5510,Production,1341,Apples,2013,2013,t,4731694,A,Official figure,
QCL,Crops and livestock products,840,United States of America,5510,Production,1341,Apples,2014,2014,t,5358740,A,Official figure,
QCL,Crops and livestock products,840,United States of America,5510,Production,1341,Apples,2015,2015,t,4556790,A,Official figure,
QCL,Crops and livestock products,840,United States of America,5510,Production,1341,Apples,2016,2016,t,5214040,A,Official figure,
QCL,Crops and livestock products,840,United States of America,5510,Production,1341,Apples,2017,2017,t,5240670,A,Official figure,
QCL,Crops and livestock products,840,United States of America,5510,Production,1341,Apples,2018,2018,t,4644790,A,Official figure,
QCL,Crops and livestock products,840,United States of America,5510,Production,1341,Apples,2019,2019,t,5028526.46,A,Official figure,
QCL,Crops and livestock products,840,United States of America,5510,Production,1341,Apples,2020,2020,t,4665199,A,Official figure,
QCL,Crops and livestock products,840,United States of America,5510,Production,1341,Apples,2021,2021,t,4568810,A,Official figure,
QCL,Crops and livestock products,840,United States of America,5510,Production,1341,Apples,2022,2022,t,4524590,A,Official figure,
QCL,Crops and livestock products,840,United States of America,5510,Production,1341,Apples,2023,2023,t,5203840,A,Official figure,
QCL,Crops and livestock products,840,United States of America,5510,Production,1341,Apples,2024,2024,t,4922840,A,Official figure,
QCL,Crops and livestock products,840,United States of America,5510,Production,1343,Apricots,2000,2000,t,87906,A,Official figure,
QCL,Crops and livestock products,840,United States of America,5510,Production,1343,Apricots,2001,2001,t,74806,A,Official figure,
QCL,Crops and livestock products,840,United States of America,5510,Production,1343,Apricots,2002,2002,t,81682,A,Official figure,
QCL,Crops and livestock products,840,United States of America,5510,Production,1343,Apricots,2003,2003,t,88523,A,Official figure,
QCL,Crops and livestock products,840,United States of America,5510,Production,1343,Apricots,2004,2004,t,91743,A,Official figure,
QCL,Crops and livestock products,840,United States of America,5510,Production,1343,Apricots,2005,2005,t,74071,A,Official figure,
QCL,Crops and livestock products,840,United States of America,5510,Production,1343,Apricots,2006,2006,t,40351,A,Official figure,
QCL,Crops and livestock products,840,United States of America,5510,Production,1343,Apricots,2007,2007,t,80249,A,Official figure,
QCL,Crops and livestock products,840,United States of America,5510,Production,1343,Apricots,2008,2008,t,74035,A,Official figure,
QCL,Crops and livestock products,840,United States of America,5510,Production,1343,Apricots,2009,2009,t,62341,A,Official figure,
QCL,Crops and livestock products,840,United States of America,5510,Production,1343,Apricots,2010,2010,t,60219,A,Official figure,
QCL,Crops and livestock products,840,United States of America,5510,Production,1343,Apricots,2011,2011,t,60464,A,Official figure,
QCL,Crops and livestock products,840,United States of America,5510,Production,1343,Apricots,2012,2012,t,55157,A,Official figure,
QCL,Crops and livestock products,840,United States of America,5510,Production,1343,Apricots,2013,2013,t,55370,A,Official figure,
QCL,Crops and livestock products,840,United States of America,5510,Production,1343,Apricots,2014,2014,t,58901,A,Official figure,
QCL,Crops and livestock products,840,United States of America,5510,Production,1343,Apricots,2015,2015,t,37790,A,Official figure,
QCL,Crops and livestock products,840,United States of America,5510,Production,1343,Apricots,2016,2016,t,58110,A,Official figure,
QCL,Crops and livestock products,840,United States of America,5510,Production,1343,Apricots,2017,2017,t,41410,A,Official figure,
QCL,Crops and livestock products,840,United States of America,5510,Production,1343,Apricots,2018,2018,t,35880,A,Official figure,
QCL,Crops and livestock products,840,United States of America,5510,Production,1343,Apricots,2019,2019,t,46540,A,Official figure,
QCL,Crops and livestock products,840,United States of America,5510,Production,1343,Apricots,2020,2020,t,28320,A,Official figure,
QCL,Crops and livestock products,840,United States of America,5510,Production,1343,Apricots,2021,2021,t,36250,A,Official figure,
QCL,Crops and livestock products,840,United States of America,5510,Production,1343,Apricots,2022,2022,t,26360,A,Official figure,
QCL,Crops and livestock products,840,United States of America,5510,Production,1343,Apricots,2023,2023,t,32500,A,Official figure,
QCL,Crops and livestock products,840,United States of America,5510,Production,1343,Apricots,2024,2024,t,31120,A,Official figure,
QCL,Crops and livestock products,840,United States of America,5510,Production,1216,Artichokes,2000,2000,t,45900,A,Official figure,
QCL,Crops and livestock products,840,United States of America,5510,Production,1216,Artichokes,2001,2001,t,45360,A,Official figure,
QCL,Crops and livestock products,840,United States of America,5510,Production,1216,Artichokes,2002,2002,t,42770,A,Official figure,
QCL,Crops and livestock products,840,United States of America,5510,Production,1216,Artichokes,2003,2003,t,45720,A,Official figure,
QCL,Crops and livestock products,840,United States of America,5510,Production,1216,Artichokes,2004,2004,t,37420,A,Official figure,
QCL,Crops and livestock products,840,United States of America,5510,Production,1216,Artichokes,2005,2005,t,39420,A,Official figure,
QCL,Crops and livestock products,840,United States of America,5510,Production,1216,Artichokes,2006,2006,t,34060,A,Official figure,
QCL,Crops and livestock products,840,United States of America,5510,Production,1216,Artichokes,2007,2007,t,47900,A,Official figure,
QCL,Crops and livestock products,840,United States of America,5510,Production,1216,Artichokes,2008,2008,t,51890,A,Official figure,
QCL,Crops and livestock products,840,United States of America,5510,Production,1216,Artichokes,2009,2009,t,48760,A,Official figure,
QCL,Crops and livestock products,840,United States of America,5510,Production,1216,Artichokes,2010,2010,t,39190,A,Official figure,
QCL,Crops and livestock products,840,United States of America,5510,Production,1216,Artichokes,2011,2011,t,45314,A,Official figure,
QCL,Crops and livestock products,840,United States of America,5510,Production,1216,Artichokes,2012,2012,t,48040,A,Official figure,
QCL,Crops and livestock products,840,United States of America,5510,Production,1216,Artichokes,2013,2013,t,43500,A,Official figure,
QCL,Crops and livestock products,840,United States of America,5510,Production,1216,Artichokes,2014,2014,t,43050,A,Official figure,
QCL,Crops and livestock products,840,United States of America,5510,Production,1216,Artichokes,2015,2015,t,41640,A,Official figure,
QCL,Crops and livestock products,840,United States of America,5510,Production,1216,Artichokes,2016,2016,t,44720,A,Official figure,
QCL,Crops and livestock products,840,United States of America,5510,Production,1216,Artichokes,2017,2017,t,42456,A,Official figure,
QCL,Crops and livestock products,840,United States of America,5510,Production,1216,Artichokes,2018,2018,t,45382,A,Official figure,
QCL,Crops and livestock products,840,United States of America,5510,Production,1216,Artichokes,2019,2019,t,43409,A,Official figure,
QCL,Crops and livestock products,840,United States of America,5510,Production,1216,Artichokes,2020,2020,t,34700,A,Official figure,
QCL,Crops and livestock products,840,United States of America,5510,Production,1216,Artichokes,2021,2021,t,35925,A,Official figure,
QCL,Crops and livestock products,840,United States of America,5510,Production,1216,Artichokes,2022,2022,t,34450,A,Official figure,
QCL,Crops and livestock products,840,United States of America,5510,Production,1216,Artichokes,2023,2023,t,35108,A,Official figure,
QCL,Crops and livestock products,840,United States of America,5510,Production,1216,Artichokes,2024,2024,t,30481,A,Official figure,
QCL,Crops and livestock products,840,United States of America,5510,Production,1211,Asparagus,2000,2000,t,103056,A,Official figure,
QCL,Crops and livestock products,840,United States of America,5510,Production,1211,Asparagus,2001,2001,t,94256,A,Official figure,
QCL,Crops and livestock products,840,United States of America,5510,Production,1211,Asparagus,2002,2002,t,84731,A,Official figure,
QCL,Crops and livestock products,840,United States of America,5510,Production,1211,Asparagus,2003,2003,t,83597,A,Official figure,
QCL,Crops and livestock products,840,United States of America,5510,Production,1211,Asparagus,2004,2004,t,93531,A,Official figure,
QCL,Crops and livestock products,840,United States of America,5510,Production,1211,Asparagus,2005,2005,t,69581,A,Official figure,
QCL,Crops and livestock products,840,United States of America,5510,Production,1211,Asparagus,2006,2006,t,52299,A,Official figure,
QCL,Crops and livestock products,840,United States of America,5510,Production,1211,Asparagus,2007,2007,t,60010,A,Official figure,
QCL,Crops and livestock products,840,United States of America,5510,Production,1211,Asparagus,2008,2008,t,43180,A,Official figure,
QCL,Crops and livestock products,840,United States of America,5510,Production,1211,Asparagus,2009,2009,t,40780,A,Official figure,
QCL,Crops and livestock products,840,United States of America,5510,Production,1211,Asparagus,2010,2010,t,36240,A,Official figure,
QCL,Crops and livestock products,840,United States of America,5510,Production,1211,Asparagus,2011,2011,t,37195,A,Official figure,
QCL,Crops and livestock products,840,United States of America,5510,Production,1211,Asparagus,2012,2012,t,34520,A,Official figure,
QCL,Crops and livestock products,840,United States of America,5510,Production,1211,Asparagus,2013,2013,t,34560,A,Official figure,
QCL,Crops and livestock products,840,United States of America,5510,Production,1211,Asparagus,2014,2014,t,33700,A,Official figure,
QCL,Crops and livestock products,840,United States of America,5510,Production,1211,Asparagus,2015,2015,t,31950,A,Official figure,
QCL,Crops and livestock products,840,United States of America,5510,Production,1211,Asparagus,2016,2016,t,37780,A,Official figure,
QCL,Crops and livestock products,840,United States of America,5510,Production,1211,Asparagus,2017,2017,t,38150,A,Official figure,
QCL,Crops and livestock products,840,United States of America,5510,Production,1211,Asparagus,2018,2018,t,35460,A,Official figure,
QCL,Crops and livestock products,840,United States of America,5510,Production,1211,Asparagus,2019,2019,t,33702,A,Official figure,
QCL,Crops and livestock products,840,United States of America,5510,Production,1211,Asparagus,2020,2020,t,28268,A,Official figure,
QCL,Crops and livestock products,840,United States of America,5510,Production,1211,Asparagus,2021,2021,t,35925,A,Official figure,
QCL,Crops and livestock products,840,United States of America,5510,Production,1211,Asparagus,2022,2022,t,34450,A,Official figure,
QCL,Crops and livestock products,840,United States of America,5510,Production,1211,Asparagus,2023,2023,t,35108,A,Official figure,
QCL,Crops and livestock products,840,United States of America,5510,Production,1211,Asparagus,2024,2024,t,30481,A,Official figure,
QCL,Crops and livestock products,840,United States of America,5510,Production,1311,Avocados,2000,2000,t,217091,A,Official figure,
QCL,Crops and livestock products,840,United States of America,5510,Production,1311,Avocados,2001,2001,t,202570,A,Official figure,
QCL,Crops and livestock products,840,United States of America,5510,Production,1311,Avocados,2002,2002,t,180894,A,Official figure,
QCL,Crops and livestock products,840,United States of America,5510,Production,1311,Avocados,2003,2003,t,211737,A,Official figure,
QCL,Crops and livestock products,840,United States of America,5510,Production,1311,Avocados,2004,2004,t,162749,A,Official figure,
QCL,Crops and livestock products,840,United States of America,5510,Production,1311,Avocados,2005,2005,t,283405,A,Official figure,
QCL,Crops and livestock products,840,United States of America,5510,Production,1311,Avocados,2006,2006,t,247000,A,Official figure,
QCL,Crops and livestock products,840,United States of America,5510,Production,1311,Avocados,2007,2007,t,193100,A,Official figure,
QCL,Crops and livestock products,840,United States of America,5510,Production,1311,Avocados,2008,2008,t,105230,A,Official figure,
QCL,Crops and livestock products,840,United States of America,5510,Production,1311,Avocados,2009,2009,t,270813,A,Official figure,
QCL,Crops and livestock products,840,United States of America,5510,Production,1311,Avocados,2010,2010,t,158150,A,Official figure,
QCL,Crops and livestock products,840,United States of America,5510,Production,1311,Avocados,2011,2011,t,205432,A,Official figure,
QCL,Crops and livestock products,840,United States of America,5510,Production,1311,Avocados,2012,2012,t,238495,A,Official figure,
QCL,Crops and livestock products,840,United States of America,5510,Production,1311,Avocados,2013,2013,t,166106,A,Official figure,
QCL,Crops and livestock products,840,United States of America,5510,Production,1311,Avocados,2014,2014,t,179124,A,Official figure,
QCL,Crops and livestock products,840,United States of America,5510,Production,1311,Avocados,2015,2015,t,207750,A,Official figure,
QCL,Crops and livestock products,840,United States of America,5510,Production,1311,Avocados,2016,2016,t,125237,A,Official figure,
QCL,Crops and livestock products,840,United States of America,5510,Production,1311,Avocados,2017,2017,t,170260,A,Official figure,
QCL,Crops and livestock products,840,United States of America,5510,Production,1311,Avocados,2018,2018,t,168530,A,Official figure,
QCL,Crops and livestock products,840,United States of America,5510,Production,1311,Avocados,2019,2019,t,122669.56,A,Official figure,
QCL,Crops and livestock products,840,United States of America,5510,Production,1311,Avocados,2020,2020,t,187433.49,A,Official figure,
QCL,Crops and livestock products,840,United States of America,5510,Production,1311,Avocados,2021,2021,t,137060,A,Official figure,
QCL,Crops and livestock products,840,United States of America,5510,Production,1311,Avocados,2022,2022,t,142290,A,Official figure,
QCL,Crops and livestock products,840,United States of America,5510,Production,1311,Avocados,2023,2023,t,116890,A,Official figure,
QCL,Crops and livestock products,840,United States of America,5510,Production,1311,Avocados,2024,2024,t,178780,A,Official figure,
QCL,Crops and livestock products,840,United States of America,5510,Production,1312,Bananas,2000,2000,t,13154,A,Official figure,
QCL,Crops and livestock products,840,United States of America,5510,Production,1312,Bananas,2001,2001,t,12701,A,Official figure,
QCL,Crops and livestock products,840,United States of America,5510,Production,1312,Bananas,2002,2002,t,9070,A,Official figure,
QCL,Crops and livestock products,840,United States of America,5510,Production,1312,Bananas,2003,2003,t,10251,A,Official figure,
QCL,Crops and livestock products,840,United States of America,5510,Production,1312,Bananas,2004,2004,t,7530,A,Official figure,
QCL,Crops and livestock products,840,United States of America,5510,Production,1312,Bananas,2005,2005,t,9480,A,Official figure,
QCL,Crops and livestock products,840,United States of America,5510,Production,1312,Bananas,2006,2006,t,7710,A,Official figure,
QCL,Crops and livestock products,840,United States of America,5510,Production,1312,Bananas,2007,2007,t,11612,A,Official figure,
QCL,Crops and livestock products,840,United States of America,5510,Production,1312,Bananas,2008,2008,t,7890,A,Official figure,
QCL,Crops and livestock products,840,United States of America,5510,Production,1312,Bananas,2009,2009,t,8390,A,Official figure,
QCL,Crops and livestock products,840,United States of America,5510,Production,1312,Bananas,2010,2010,t,8074,A,Official figure,
QCL,Crops and livestock products,840,United States of America,5510,Production,1312,Bananas,2011,2011,t,7893,A,Official figure,
QCL,Crops and livestock products,840,United States of America,5510,Production,1312,Bananas,2012,2012,t,7201.96,I,Value imputed by a receiving agency,
QCL,Crops and livestock products,840,United States of America,5510,Production,1312,Bananas,2013,2013,t,6622,A,Official figure,
QCL,Crops and livestock products,840,United States of America,5510,Production,1312,Bananas,2014,2014,t,6532,A,Official figure,
QCL,Crops and livestock products,840,United States of America,5510,Production,1312,Bananas,2015,2015,t,5443,A,Official figure,
QCL,Crops and livestock products,840,United States of America,5510,Production,1312,Bananas,2016,2016,t,3387,A,Official figure,
QCL,Crops and livestock products,840,United States of America,5510,Production,1312,Bananas,2017,2017,t,3020,A,Official figure,
QCL,Crops and livestock products,840,United States of America,5510,Production,1312,Bananas,2018,2018,t,3950,E,Estimated value,
QCL,Crops and livestock products,840,United States of America,5510,Production,1312,Bananas,2019,2019,t,3452.33,E,Estimated value,
QCL,Crops and livestock products,840,United States of America,5510,Production,1312,Bananas,2020,2020,t,3474.11,E,Estimated value,
QCL,Crops and livestock products,840,United States of America,5510,Production,1312,Bananas,2021,2021,t,3625.48,E,Estimated value,
QCL,Crops and livestock products,840,United States of America,5510,Production,1312,Bananas,2022,2022,t,3517.31,E,Estimated value,
QCL,Crops and livestock products,840,United States of America,5510,Production,1312,Bananas,2023,2023,t,3538.97,E,Estimated value,
QCL,Crops and livestock products,840,United States of America,5510,Production,1312,Bananas,2024,2024,t,3560.59,E,Estimated value,
QCL,Crops and livestock products,840,United States of America,5510,Production,115,Barley,2000,2000,t,6919370,A,Official figure,
QCL,Crops and livestock products,840,United States of America,5510,Production,115,Barley,2001,2001,t,5406730,A,Official figure,
QCL,Crops and livestock products,840,United States of America,5510,Production,115,Barley,2002,2002,t,4940300,A,Official figure,
QCL,Crops and livestock products,840,United States of America,5510,Production,115,Barley,2003,2003,t,6058900,A,Official figure,
QCL,Crops and livestock products,840,United States of America,5510,Production,115,Barley,2004,2004,t,6090680,A,Official figure,
QCL,Crops and livestock products,840,United States of America,5510,Production,115,Barley,2005,2005,t,4613490,A,Official figure,
QCL,Crops and livestock products,840,United States of America,5510,Production,115,Barley,2006,2006,t,3922630,A,Official figure,
QCL,Crops and livestock products,840,United States of America,5510,Production,115,Barley,2007,2007,t,4574610,A,Official figure,
QCL,Crops and livestock products,840,United States of America,5510,Production,115,Barley,2008,2008,t,5205180,A,Official figure,
QCL,Crops and livestock products,840,United States of America,5510,Production,115,Barley,2009,2009,t,4933700,A,Official figure,
QCL,Crops and livestock products,840,United States of America,5510,Production,115,Barley,2010,2010,t,3924280,A,Official figure,
QCL,Crops and livestock products,840,United States of America,5510,Production,115,Barley,2011,2011,t,3370110,A,Official figure,
QCL,Crops and livestock products,840,United States of America,5510,Production,115,Barley,2012,2012,t,4767940,A,Official figure,
QCL,Crops and livestock products,840,United States of America,5510,Production,115,Barley,2013,2013,t,4719070,A,Official figure,
QCL,Crops and livestock products,840,United States of America,5510,Production,115,Barley,2014,2014,t,3952610,A,Official figure,
QCL,Crops and livestock products,840,United States of America,5510,Production,115,Barley,2015,2015,t,4665770,A,Official figure,
QCL,Crops and livestock products,840,United States of America,5510,Production,115,Barley,2016,2016,t,4352610,A,Official figure,
QCL,Crops and livestock products,840,United States of America,5510,Production,115,Barley,2017,2017,t,3119070,A,Official figure,
QCL,Crops and livestock products,840,United States of America,5510,Production,115,Barley,2018,2018,t,3342660,A,Official figure,
QCL,Crops and livestock products,840,United States of America,5510,Production,115,Barley,2019,2019,t,3755720,A,Official figure,
QCL,Crops and livestock products,840,United States of America,5510,Production,115,Barley,2020,2020,t,3719010,A,Official figure,
QCL,Crops and livestock products,840,United States of America,5510,Production,115,Barley,2021,2021,t,2625600,A,Official figure,
QCL,Crops and livestock products,840,United States of America,5510,Production,115,Barley,2022,2022,t,3786660,A,Official figure,
QCL,Crops and livestock products,840,United States of America,5510,Production,115,Barley,2023,2023,t,4028680,A,Official figure,
QCL,Crops and livestock products,840,United States of America,5510,Production,115,Barley,2024,2024,t,3131660,A,Official figure,
QCL,Crops and livestock products,840,United States of America,5510,Production,1701,"Beans, dry",2000,2000,t,1203970,A,Official figure,
QCL,Crops and livestock products,840,United States of America,5510,Production,1701,"Beans, dry",2001,2001,t,889495,A,Official figure,
QCL,Crops and livestock products,840,United States of America,5510,Production,1701,"Beans, dry",2002,2002,t,1374929,A,Official figure,
QCL,Crops and livestock products,840,United States of America,5510,Production,1701,"Beans, dry",2003,2003,t,1020220,A,Official figure,
QCL,Crops and livestock products,840,United States of America,5510,Production,1701,"Beans, dry",2004,2004,t,804809,A,Official figure,
QCL,Crops and livestock products,840,United States of America,5510,Production,1701,"Beans, dry",2005,2005,t,1205467,A,Official figure,
QCL,Crops and livestock products,840,United States of America,5510,Production,1701,"Beans, dry",2006,2006,t,1095652,A,Official figure,
QCL,Crops and livestock products,840,United States of America,5510,Production,1701,"Beans, dry",2007,2007,t,1160561,A,Official figure,
QCL,Crops and livestock products,840,United States of America,5510,Production,1701,"Beans, dry",2008,2008,t,1159290,A,Official figure,
QCL,Crops and livestock products,840,United States of America,5510,Production,1701,"Beans, dry",2009,2009,t,1150310,A,Official figure,
QCL,Crops and livestock products,840,United States of America,5510,Production,1701,"Beans, dry",2010,2010,t,1442470,A,Official figure,
QCL,Crops and livestock products,840,United States of America,5510,Production,1701,"Beans, dry",2011,2011,t,902196,A,Official figure,
QCL,Crops and livestock products,840,United States of America,5510,Production,1701,"Beans, dry",2012,2012,t,1448090,A,Official figure,
QCL,Crops and livestock products,840,United States of America,5510,Production,1701,"Beans, dry",2013,2013,t,1114750,A,Official figure,
QCL,Crops and livestock products,840,United States of America,5510,Production,1701,"Beans, dry",2014,2014,t,1311340,A,Official figure,
QCL,Crops and livestock products,840,United States of America,5510,Production,1701,"Beans, dry",2015,2015,t,1366270,A,Official figure,
QCL,Crops and livestock products,840,United States of America,5510,Production,1701,"Beans, dry",2016,2016,t,1301950,A,Official figure,
QCL,Crops and livestock products,840,United States of America,5510,Production,1701,"Beans, dry",2017,2017,t,1291240,A,Official figure,
QCL,Crops and livestock products,840,United States of America,5510,Production,1701,"Beans, dry",2018,2018,t,1108120,A,Official figure,
QCL,Crops and livestock products,840,United States of America,5510,Production,1701,"Beans, dry",2019,2019,t,920064,A,Official figure,
QCL,Crops and livestock products,840,United States of America,5510,Production,1701,"Beans, dry",2020,2020,t,1465376,A,Official figure,
QCL,Crops and livestock products,840,United States of America,5510,Production,1701,"Beans, dry",2021,2021,t,1005978,A,Official figure,
QCL,Crops and livestock products,840,United States of America,5510,Production,1701,"Beans, dry",2022,2022,t,1160375,A,Official figure,
QCL,Crops and livestock products,840,United States of America,5510,Production,1701,"Beans, dry",2023,2023,t,1070843,A,Official figure,
QCL,Crops and livestock products,840,United States of America,5510,Production,1701,"Beans, dry",2024,2024,t,1408962,A,Official figure,
QCL,Crops and livestock products,840,United States of America,5510,Production,01355.01,Blueberries,2000,2000,t,84670,A,Official figure,
QCL,Crops and livestock products,840,United States of America,5510,Production,01355.01,Blueberries,2001,2001,t,87450,A,Official figure,
QCL,Crops and livestock products,840,United States of America,5510,Production,01355.01,Blueberries,2002,2002,t,87080,A,Official figure,
QCL,Crops and livestock products,840,United States of America,5510,Production,01355.01,Blueberries,2003,2003,t,86020,A,Official figure,
QCL,Crops and livestock products,840,United States of America,5510,Production,01355.01,Blueberries,2004,2004,t,103850,A,Official figure,
QCL,Crops and livestock products,840,United States of America,5510,Production,01355.01,Blueberries,2005,2005,t,108270,A,Official figure,
QCL,Crops and livestock products,840,United States of America,5510,Production,01355.01,Blueberries,2006,2006,t,128850,A,Official figure,
QCL,Crops and livestock products,840,United States of America,5510,Production,01355.01,Blueberries,2007,2007,t,130290,A,Official figure,
QCL,Crops and livestock products,840,United States of America,5510,Production,01355.01,Blueberries,2008,2008,t,158260,A,Official figure,
QCL,Crops and livestock products,840,United States of America,5510,Production,01355.01,Blueberries,2009,2009,t,169050,A,Official figure,
QCL,Crops and livestock products,840,United States of America,5510,Production,01355.01,Blueberries,2010,2010,t,188926,A,Official figure,
QCL,Crops and livestock products,840,United States of America,5510,Production,01355.01,Blueberries,2011,2011,t,201030,A,Official figure,
QCL,Crops and livestock products,840,United States of America,5510,Production,01355.01,Blueberries,2012,2012,t,212168,A,Official figure,
QCL,Crops and livestock products,840,United States of America,5510,Production,01355.01,Blueberries,2013,2013,t,246559,A,Official figure,
QCL,Crops and livestock products,840,United States of America,5510,Production,01355.01,Blueberries,2014,2014,t,262498,A,Official figure,
QCL,Crops and livestock products,840,United States of America,5510,Production,01355.01,Blueberries,2015,2015,t,254012,A,Official figure,
QCL,Crops and livestock products,840,United States of America,5510,Production,01355.01,Blueberries,2016,2016,t,269257,A,Official figure,
QCL,Crops and livestock products,840,United States of America,5510,Production,01355.01,Blueberries,2017,2017,t,235210,A,Official figure,
QCL,Crops and livestock products,840,United States of America,5510,Production,01355.01,Blueberries,2018,2018,t,255050,A,Official figure,
QCL,Crops and livestock products,840,United States of America,5510,Production,01355.01,Blueberries,2019,2019,t,342230,A,Official figure,
QCL,Crops and livestock products,840,United States of America,5510,Production,01355.01,Blueberries,2020,2020,t,315520,A,Official figure,
QCL,Crops and livestock products,840,United States of America,5510,Production,01355.01,Blueberries,2021,2021,t,378390,A,Official figure,
QCL,Crops and livestock products,840,United States of America,5510,Production,01355.01,Blueberries,2022,2022,t,351850,A,Official figure,
QCL,Crops and livestock products,840,United States of America,5510,Production,01355.01,Blueberries,2023,2023,t,332260,A,Official figure,
QCL,Crops and livestock products,840,United States of America,5510,Production,01355.01,Blueberries,2024,2024,t,401970,A,Official figure,
QCL,Crops and livestock products,840,United States of America,5510,Production,1243,"Broad beans and horse beans, green",2000,2000,t,,M,Missing value; data cannot exist,
QCL,Crops and livestock products,840,United States of America,5510,Production,1243,"Broad beans and horse beans, green",2001,2001,t,,M,Missing value; data cannot exist,
QCL,Crops and livestock products,840,United States of America,5510,Production,1243,"Broad beans and horse beans, green",2002,2002,t,,M,Missing value; data cannot exist,
QCL,Crops and livestock products,840,United States of America,5510,Production,1243,"Broad beans and horse beans, green",2003,2003,t,,M,Missing value; data cannot exist,
QCL,Crops and livestock products,840,United States of America,5510,Production,1243,"Broad beans and horse beans, green",2004,2004,t,70990,A,Official figure,
QCL,Crops and livestock products,840,United States of America,5510,Production,1243,"Broad beans and horse beans, green",2005,2005,t,38500,A,Official figure,
QCL,Crops and livestock products,840,United States of America,5510,Production,1243,"Broad beans and horse beans, green",2006,2006,t,44080,A,Official figure,
QCL,Crops and livestock products,840,United States of America,5510,Production,1243,"Broad beans and horse beans, green",2007,2007,t,47000,E,Estimated value,
QCL,Crops and livestock products,840,United States of America,5510,Production,1243,"Broad beans and horse beans, green",2008,2008,t,46549.02,I,Value imputed by a receiving agency,
QCL,Crops and livestock products,840,United States of America,5510,Production,1243,"Broad beans and horse beans, green",2009,2009,t,45828.4,I,Value imputed by a receiving agency,
QCL,Crops and livestock products,840,United States of America,5510,Production,1243,"Broad beans and horse beans, green",2010,2010,t,45349.47,I,Value imputed by a receiving agency,
QCL,Crops and livestock products,840,United States of America,5510,Production,1243,"Broad beans and horse beans, green",2011,2011,t,44867.55,I,Value imputed by a receiving agency,
QCL,Crops and livestock products,840,United States of America,5510,Production,1243,"Broad beans and horse beans, green",2012,2012,t,43000,E,Estimated value,
QCL,Crops and livestock products,840,United States of America,5510,Production,1243,"Broad beans and horse beans, green",2013,2013,t,44277.24,I,Value imputed by a receiving agency,
QCL,Crops and livestock products,840,United States of America,5510,Production,1243,"Broad beans and horse beans, green",2014,2014,t,42500,E,Estimated value,
QCL,Crops and livestock products,840,United States of America,5510,Production,1243,"Broad beans and horse beans, green",2015,2015,t,43842.92,I,Value imputed by a receiving agency,
QCL,Crops and livestock products,840,United States of America,5510,Production,1243,"Broad beans and horse beans, green",2016,2016,t,44026.81,I,Value imputed by a receiving agency,
QCL,Crops and livestock products,840,United States of America,5510,Production,1243,"Broad beans and horse beans, green",2017,2017,t,43832.56,I,Value imputed by a receiving agency,
QCL,Crops and livestock products,840,United States of America,5510,Production,1243,"Broad beans and horse beans, green",2018,2018,t,43321.82,I,Value imputed by a receiving agency,
QCL,Crops and livestock products,840,United States of America,5510,Production,1243,"Broad beans and horse beans, green",2019,2019,t,43119.66,I,Value imputed by a receiving agency,
QCL,Crops and livestock products,840,United States of America,5510,Production,1243,"Broad beans and horse beans, green",2020,2020,t,43109.78,I,Value imputed by a receiving agency,
QCL,Crops and livestock products,840,United States of America,5510,Production,1243,"Broad beans and horse beans, green",2021,2021,t,42959.8,I,Value imputed by a receiving agency,
QCL,Crops and livestock products,840,United States of America,5510,Production,1243,"Broad beans and horse beans, green",2022,2022,t,43310.99,I,Value imputed by a receiving agency,
QCL,Crops and livestock products,840,United States of America,5510,Production,1243,"Broad beans and horse beans, green",2023,2023,t,43169.88,I,Value imputed by a receiving agency,
QCL,Crops and livestock products,840,United States of America,5510,Production,1243,"Broad beans and horse beans, green",2024,2024,t,43028.78,I,Value imputed by a receiving agency,
QCL,Crops and livestock products,840,United States of America,5510,Production,1192,Buckwheat,2000,2000,t,65000,E,Estimated value,
QCL,Crops and livestock products,840,United States of America,5510,Production,1192,Buckwheat,2001,2001,t,67361.58,I,Value imputed by a receiving agency,
QCL,Crops and livestock products,840,United States of America,5510,Production,1192,Buckwheat,2002,2002,t,69033.84,I,Value imputed by a receiving agency,
QCL,Crops and livestock products,840,United States of America,5510,Production,1192,Buckwheat,2003,2003,t,69135.26,I,Value imputed by a receiving agency,
QCL,Crops and livestock products,840,United States of America,5510,Production,1192,Buckwheat,2004,2004,t,67923.41,I,Value imputed by a receiving agency,
QCL,Crops and livestock products,840,United States of America,5510,Production,1192,Buckwheat,2005,2005,t,66093.76,I,Value imputed by a receiving agency,
QCL,Crops and livestock products,840,United States of America,5510,Production,1192,Buckwheat,2006,2006,t,66000,E,Estimated value,
QCL,Crops and livestock products,840,United States of America,5510,Production,1192,Buckwheat,2007,2007,t,68000,E,Estimated value,
QCL,Crops and livestock products,840,United States of America,5510,Production,1192,Buckwheat,2008,2008,t,83000,E,Estimated value,
QCL,Crops and livestock products,840,United States of America,5510,Production,1192,Buckwheat,2009,2009,t,84978.07,I,Value imputed by a receiving agency,
QCL,Crops and livestock products,840,United States of America,5510,Production,1192,Buckwheat,2010,2010,t,79771.74,I,Value imputed by a receiving agency,
QCL,Crops and livestock products,840,United States of America,5510,Production,1192,Buckwheat,2011,2011,t,79617.77,I,Value imputed by a receiving agency,
QCL,Crops and livestock products,840,United States of America,5510,Production,1192,Buckwheat,2012,2012,t,82000,E,Estimated value,
QCL,Crops and livestock products,840,United States of America,5510,Production,1192,Buckwheat,2013,2013,t,81000,E,Estimated value,
QCL,Crops and livestock products,840,United States of America,5510,Production,1192,Buckwheat,2014,2014,t,83000,E,Estimated value,
QCL,Crops and livestock products,840,United States of America,5510,Production,1192,Buckwheat,2015,2015,t,83290.62,I,Value imputed by a receiving agency,
QCL,Crops and livestock products,840,United States of America,5510,Production,1192,Buckwheat,2016,2016,t,83391.24,I,Value imputed by a receiving agency,
QCL,Crops and livestock products,840,United States of America,5510,Production,1192,Buckwheat,2017,2017,t,82815.02,I,Value imputed by a receiving agency,
QCL,Crops and livestock products,840,United States of America,5510,Production,1192,Buckwheat,2018,2018,t,84648.46,I,Value imputed by a receiving agency,
QCL,Crops and livestock products,840,United States of America,5510,Production,1192,Buckwheat,2019,2019,t,85802.84,I,Value imputed by a receiving agency,
QCL,Crops and livestock products,840,United States of America,5510,Production,1192,Buckwheat,2020,2020,t,85299.82,I,Value imputed by a receiving agency,
QCL,Crops and livestock products,840,United States of America,5510,Production,1192,Buckwheat,2021,2021,t,84963.33,I,Value imputed by a receiving agency,
QCL,Crops and livestock products,840,United States of America,5510,Production,1192,Buckwheat,2022,2022,t,85630.3,I,Value imputed by a receiving agency,
QCL,Crops and livestock products,840,United States of America,5510,Production,1192,Buckwheat,2023,2023,t,86047.55,I,Value imputed by a receiving agency,
QCL,Crops and livestock products,840,United States of America,5510,Production,1192,Buckwheat,2024,2024,t,86536.06,I,Value imputed by a receiving agency,
QCL,Crops and livestock products,840,United States of America,5510,Production,1212,Cabbages,2000,2000,t,2598690,A,Official figure,
QCL,Crops and livestock products,840,United States of America,5510,Production,1212,Cabbages,2001,2001,t,2491660,A,Official figure,
QCL,Crops and livestock products,840,United States of America,5510,Production,1212,Cabbages,2002,2002,t,1967760,A,Official figure,
QCL,Crops and livestock products,840,United States of America,5510,Production,1212,Cabbages,2003,2003,t,1981190,A,Official figure,
QCL,Crops and livestock products,840,United States of America,5510,Production,1212,Cabbages,2004,2004,t,1132750,A,Official figure,
QCL,Crops and livestock products,840,United States of America,5510,Production,1212,Cabbages,2005,2005,t,1101090,A,Official figure,
QCL,Crops and livestock products,840,United States of America,5510,Production,1212,Cabbages,2006,2006,t,1165090,A,Official figure,
QCL,Crops and livestock products,840,United States of America,5510,Production,1212,Cabbages,2007,2007,t,911210,A,Official figure,
QCL,Crops and livestock products,840,United States of America,5510,Production,1212,Cabbages,2008,2008,t,1106580,A,Official figure,
QCL,Crops and livestock products,840,United States of America,5510,Production,1212,Cabbages,2009,2009,t,987100,A,Official figure,
QCL,Crops and livestock products,840,United States of America,5510,Production,1212,Cabbages,2010,2010,t,1052800,A,Official figure,
QCL,Crops and livestock products,840,United States of America,5510,Production,1212,Cabbages,2011,2011,t,913300,A,Official figure,
QCL,Crops and livestock products,840,United States of America,5510,Production,1212,Cabbages,2012,2012,t,895930,A,Official figure,
QCL,Crops and livestock products,840,United States of America,5510,Production,1212,Cabbages,2013,2013,t,986560,A,Official figure,
QCL,Crops and livestock products,840,United States of America,5510,Production,1212,Cabbages,2014,2014,t,958930,A,Official figure,
QCL,Crops and livestock products,840,United States of America,5510,Production,1212,Cabbages,2015,2015,t,915210,A,Official figure,
QCL,Crops and livestock products,840,United States of America,5510,Production,1212,Cabbages,2016,2016,t,1006817,A,Official figure,
QCL,Crops and livestock products,840,United States of America,5510,Production,1212,Cabbages,2017,2017,t,1080729,A,Official figure,
QCL,Crops and livestock products,840,United States of America,5510,Production,1212,Cabbages,2018,2018,t,884846,A,Official figure,
QCL,Crops and livestock products,840,United States of America,5510,Production,1212,Cabbages,2019,2019,t,1008744,A,Official figure,
QCL,Crops and livestock products,840,United States of America,5510,Production,1212,Cabbages,2020,2020,t,1068981,A,Official figure,
QCL,Crops and livestock products,840,United States of America,5510,Production,1212,Cabbages,2021,2021,t,926440,A,Official figure,
QCL,Crops and livestock products,840,United States of America,5510,Production,1212,Cabbages,2022,2022,t,997994,A,Official figure,
QCL,Crops and livestock products,840,United States of America,5510,Production,1212,Cabbages,2023,2023,t,906096,A,Official figure,
QCL,Crops and livestock products,840,United States of America,5510,Production,1212,Cabbages,2024,2024,t,936714,A,Official figure,
QCL,Crops and livestock products,840,United States of America,5510,Production,1229,Cantaloupes and other melons,2000,2000,t,1200000,A,Official figure,
QCL,Crops and livestock products,840,United States of America,5510,Production,1229,Cantaloupes and other melons,2001,2001,t,1238030,A,Official figure,
QCL,Crops and livestock products,840,United States of America,5510,Production,1229,Cantaloupes and other melons,2002,2002,t,1247730,A,Official figure,
QCL,Crops and livestock products,840,United States of America,5510,Production,1229,Cantaloupes and other melons,2003,2003,t,1240660,A,Official figure,
QCL,Crops and livestock products,840,United States of America,5510,Production,1229,Cantaloupes and other melons,2004,2004,t,1229090,A,Official figure,
QCL,Crops and livestock products,840,United States of America,5510,Production,1229,Cantaloupes and other melons,2005,2005,t,1179010,A,Official figure,
QCL,Crops and livestock products,840,United States of America,5510,Production,1229,Cantaloupes and other melons,2006,2006,t,1125540,A,Official figure,
QCL,Crops and livestock products,840,United States of America,5510,Production,1229,Cantaloupes and other melons,2007,2007,t,1114470,A,Official figure,
QCL,Crops and livestock products,840,United States of America,5510,Production,1229,Cantaloupes and other melons,2008,2008,t,1042530,A,Official figure,
QCL,Crops and livestock products,840,United States of America,5510,Production,1229,Cantaloupes and other melons,2009,2009,t,1037180,A,Official figure,
QCL,Crops and livestock products,840,United States of America,5510,Production,1229,Cantaloupes and other melons,2010,2010,t,1036040,A,Official figure,
QCL,Crops and livestock products,840,United States of America,5510,Production,1229,Cantaloupes and other melons,2011,2011,t,1016411,A,Official figure,
QCL,Crops and livestock products,840,United States of America,5510,Production,1229,Cantaloupes and other melons,2012,2012,t,906820,A,Official figure,
QCL,Crops and livestock products,840,United States of America,5510,Production,1229,Cantaloupes and other melons,2013,2013,t,987830,A,Official figure,
QCL,Crops and livestock products,840,United States of America,5510,Production,1229,Cantaloupes and other melons,2014,2014,t,787030,A,Official figure,
QCL,Crops and livestock products,840,United States of America,5510,Production,1229,Cantaloupes and other melons,2015,2015,t,785620,A,Official figure,
QCL,Crops and livestock products,840,United States of America,5510,Production,1229,Cantaloupes and other melons,2016,2016,t,864450,A,Official figure,
QCL,Crops and livestock products,840,United States of America,5510,Production,1229,Cantaloupes and other melons,2017,2017,t,850890,A,Official figure,
QCL,Crops and livestock products,840,United States of America,5510,Production,1229,Cantaloupes and other melons,2018,2018,t,836920,A,Official figure,
QCL,Crops and livestock products,840,United States of America,5510,Production,1229,Cantaloupes and other melons,2019,2019,t,630629,A,Official figure,
QCL,Crops and livestock products,840,United States of America,5510,Production,1229,Cantaloupes and other melons,2020,2020,t,608472,A,Official figure,
QCL,Crops and livestock products,840,United States of America,5510,Production,1229,Cantaloupes and other melons,2021,2021,t,613416,A,Official figure,
QCL,Crops and livestock products,840,United States of America,5510,Production,1229,Cantaloupes and other melons,2022,2022,t,662586,A,Official figure,
QCL,Crops and livestock products,840,United States of America,5510,Production,1229,Cantaloupes and other melons,2023,2023,t,582345,A,Official figure,
QCL,Crops and livestock products,840,United States of America,5510,Production,1229,Cantaloupes and other melons,2024,2024,t,600602,A,Official figure,
QCL,Crops and livestock products,840,United States of America,5510,Production,1251,Carrots and turnips,2000,2000,t,1747208,A,Official figure,
QCL,Crops and livestock products,840,United States of America,5510,Production,1251,Carrots and turnips,2001,2001,t,1714996,A,Official figure,
QCL,Crops and livestock products,840,United States of America,5510,Production,1251,Carrots and turnips,2002,2002,t,1574467,A,Official figure,
QCL,Crops and livestock products,840,United States of America,5510,Production,1251,Carrots and turnips,2003,2003,t,1672636,A,Official figure,
QCL,Crops and livestock products,840,United States of America,5510,Production,1251,Carrots and turnips,2004,2004,t,1624441,A,Official figure,
QCL,Crops and livestock products,840,United States of America,5510,Production,1251,Carrots and turnips,2005,2005,t,1662771,A,Official figure,
QCL,Crops and livestock products,840,United States of America,5510,Production,1251,Carrots and turnips,2006,2006,t,1505326,A,Official figure,
QCL,Crops and livestock products,840,United States of America,5510,Production,1251,Carrots and turnips,2007,2007,t,1450260,A,Official figure,
QCL,Crops and livestock products,840,United States of America,5510,Production,1251,Carrots and turnips,2008,2008,t,1478680,A,Official figure,
QCL,Crops and livestock products,840,United States of America,5510,Production,1251,Carrots and turnips,2009,2009,t,1326830,A,Official figure,
QCL,Crops and livestock products,840,United States of America,5510,Production,1251,Carrots and turnips,2010,2010,t,1341700,A,Official figure,
QCL,Crops and livestock products,840,United States of America,5510,Production,1251,Carrots and turnips,2011,2011,t,1298800,A,Official figure,
QCL,Crops and livestock products,840,United States of America,5510,Production,1251,Carrots and turnips,2012,2012,t,1374110,A,Official figure,
QCL,Crops and livestock products,840,United States of America,5510,Production,1251,Carrots and turnips,2013,2013,t,1419460,A,Official figure,
QCL,Crops and livestock products,840,United States of America,5510,Production,1251,Carrots and turnips,2014,2014,t,1443120,A,Official figure,
QCL,Crops and livestock products,840,United States of America,5510,Production,1251,Carrots and turnips,2015,2015,t,1434260,A,Official figure,
QCL,Crops and livestock products,840,United States of America,5510,Production,1251,Carrots and turnips,2016,2016,t,1439660,A,Official figure,
QCL,Crops and livestock products,840,United States of America,5510,Production,1251,Carrots and turnips,2017,2017,t,1406180,A,Official figure,
QCL,Crops and livestock products,840,United States of America,5510,Production,1251,Carrots and turnips,2018,2018,t,1497670,A,Official figure,
QCL,Crops and livestock products,840,United States of America,5510,Production,1251,Carrots and turnips,2019,2019,t,1510304,A,Official figure,
QCL,Crops and livestock products,840,United States of America,5510,Production,1251,Carrots and turnips,2020,2020,t,1395024,A,Official figure,
QCL,Crops and livestock products,840,United States of America,5510,Production,1251,Carrots and turnips,2021,2021,t,1288815,A,Official figure,
QCL,Crops and livestock products,840,United States of America,5510,Production,1251,Carrots and turnips,2022,2022,t,1454807,A,Official figure,
QCL,Crops and livestock products,840,United States of America,5510,Production,1251,Carrots and turnips,2023,2023,t,1309998,A,Official figure,
QCL,Crops and livestock products,840,United States of America,5510,Production,1251,Carrots and turnips,2024,2024,t,1123322,A,Official figure,
QCL,Crops and livestock products,840,United States of America,5510,Production,1447,Castor oil seeds,2000,2000,t,,M,Missing value; data cannot exist,
QCL,Crops and livestock products,840,United States of America,5510,Production,1447,Castor oil seeds,2001,2001,t,,M,Missing value; data cannot exist,
QCL,Crops and livestock products,840,United States of America,5510,Production,1447,Castor oil seeds,2002,2002,t,,M,Missing value; data cannot exist,
QCL,Crops and livestock products,840,United States of America,5510,Production,1447,Castor oil seeds,2003,2003,t,,M,Missing value; data cannot exist,
QCL,Crops and livestock products,840,United States of America,5510,Production,1447,Castor oil seeds,2004,2004,t,,M,Missing value; data cannot exist,
QCL,Crops and livestock products,840,United States of America,5510,Production,1447,Castor oil seeds,2005,2005,t,,M,Missing value; data cannot exist,
QCL,Crops and livestock products,840,United States of America,5510,Production,1447,Castor oil seeds,2006,2006,t,,M,Missing value; data cannot exist,
QCL,Crops and livestock products,840,United States of America,5510,Production,1447,Castor oil seeds,2007,2007,t,,M,Missing value; data cannot exist,
QCL,Crops and livestock products,840,United States of America,5510,Production,1447,Castor oil seeds,2008,2008,t,,M,Missing value; data cannot exist,
QCL,Crops and livestock products,840,United States of America,5510,Production,1447,Castor oil seeds,2009,2009,t,,M,Missing value; data cannot exist,
QCL,Crops and livestock products,840,United States of America,5510,Production,1447,Castor oil seeds,2010,2010,t,,M,Missing value; data cannot exist,
QCL,Crops and livestock products,840,United States of America,5510,Production,1447,Castor oil seeds,2011,2011,t,,M,Missing value; data cannot exist,
QCL,Crops and livestock products,840,United States of America,5510,Production,1447,Castor oil seeds,2012,2012,t,,M,Missing value; data cannot exist,
QCL,Crops and livestock products,840,United States of America,5510,Production,1447,Castor oil seeds,2013,2013,t,,M,Missing value; data cannot exist,
QCL,Crops and livestock products,840,United States of America,5510,Production,1447,Castor oil seeds,2014,2014,t,,M,Missing value; data cannot exist,
QCL,Crops and livestock products,840,United States of America,5510,Production,1447,Castor oil seeds,2015,2015,t,,M,Missing value; data cannot exist,
QCL,Crops and livestock products,840,United States of America,5510,Production,1447,Castor oil seeds,2016,2016,t,,M,Missing value; data cannot exist,
QCL,Crops and livestock products,840,United States of America,5510,Production,1447,Castor oil seeds,2017,2017,t,,M,Missing value; data cannot exist,
QCL,Crops and livestock products,840,United States of America,5510,Production,1447,Castor oil seeds,2018,2018,t,,M,Missing value; data cannot exist,
QCL,Crops and livestock products,840,United States of America,5510,Production,1447,Castor oil seeds,2019,2019,t,,M,Missing value; data cannot exist,
QCL,Crops and livestock products,840,United States of America,5510,Production,1447,Castor oil seeds,2020,2020,t,,M,Missing value; data cannot exist,
QCL,Crops and livestock products,840,United States of America,5510,Production,1447,Castor oil seeds,2021,2021,t,,M,Missing value; data cannot exist,
QCL,Crops and livestock products,840,United States of America,5510,Production,1447,Castor oil seeds,2022,2022,t,,M,Missing value; data cannot exist,
QCL,Crops and livestock products,840,United States of America,5510,Production,1447,Castor oil seeds,2023,2023,t,,M,Missing value; data cannot exist,
QCL,Crops and livestock products,840,United States of America,5510,Production,1447,Castor oil seeds,2024,2024,t,,M,Missing value; data cannot exist,
QCL,Crops and livestock products,840,United States of America,5510,Production,1213,Cauliflowers and broccoli,2000,2000,t,1244431,A,Official figure,
QCL,Crops and livestock products,840,United States of America,5510,Production,1213,Cauliflowers and broccoli,2001,2001,t,1152034,A,Official figure,
QCL,Crops and livestock products,840,United States of America,5510,Production,1213,Cauliflowers and broccoli,2002,2002,t,1115610,A,Official figure,
QCL,Crops and livestock products,840,United States of America,5510,Production,1213,Cauliflowers and broccoli,2003,2003,t,1161650,A,Official figure,
QCL,Crops and livestock products,840,United States of America,5510,Production,1213,Cauliflowers and broccoli,2004,2004,t,1156706,A,Official figure,
QCL,Crops and livestock products,840,United States of America,5510,Production,1213,Cauliflowers and broccoli,2005,2005,t,1184058,A,Official figure,
QCL,Crops and livestock products,840,United States of America,5510,Production,1213,Cauliflowers and broccoli,2006,2006,t,1179567,A,Official figure,
QCL,Crops and livestock products,840,United States of America,5510,Production,1213,Cauliflowers and broccoli,2007,2007,t,1180066,A,Official figure,
QCL,Crops and livestock products,840,United States of America,5510,Production,1213,Cauliflowers and broccoli,2008,2008,t,1212634,A,Official figure,
QCL,Crops and livestock products,840,United States of America,5510,Production,1213,Cauliflowers and broccoli,2009,2009,t,1227285,A,Official figure,
QCL,Crops and livestock products,840,United States of America,5510,Production,1213,Cauliflowers and broccoli,2010,2010,t,1196395,A,Official figure,
QCL,Crops and livestock products,840,United States of America,5510,Production,1213,Cauliflowers and broccoli,2011,2011,t,1124818,A,Official figure,
QCL,Crops and livestock products,840,United States of America,5510,Production,1213,Cauliflowers and broccoli,2012,2012,t,1232048,A,Official figure,
QCL,Crops and livestock products,840,United States of America,5510,Production,1213,Cauliflowers and broccoli,2013,2013,t,1271050,A,Official figure,
QCL,Crops and livestock products,840,United States of America,5510,Production,1213,Cauliflowers and broccoli,2014,2014,t,1222930,A,Official figure,
QCL,Crops and livestock products,840,United States of America,5510,Production,1213,Cauliflowers and broccoli,2015,2015,t,1290330,A,Official figure,
QCL,Crops and livestock products,840,United States of America,5510,Production,1213,Cauliflowers and broccoli,2016,2016,t,1357466,A,Official figure,
QCL,Crops and livestock products,840,United States of America,5510,Production,1213,Cauliflowers and broccoli,2017,2017,t,1336220,A,Official figure,
QCL,Crops and livestock products,840,United States of America,5510,Production,1213,Cauliflowers and broccoli,2018,2018,t,1214450,A,Official figure,
QCL,Crops and livestock products,840,United States of America,5510,Production,1213,Cauliflowers and broccoli,2019,2019,t,1209731,A,Official figure,
QCL,Crops and livestock products,840,United States of America,5510,Production,1213,Cauliflowers and broccoli,2020,2020,t,1131056,A,Official figure,
QCL,Crops and livestock products,840,United States of America,5510,Production,1213,Cauliflowers and broccoli,2021,2021,t,1082430,A,Official figure,
QCL,Crops and livestock products,840,United States of America,5510,Production,1213,Cauliflowers and broccoli,2022,2022,t,1209654,A,Official figure,
QCL,Crops and livestock products,840,United States of America,5510,Production,1213,Cauliflowers and broccoli,2023,2023,t,1003120,A,Official figure,
QCL,Crops and livestock products,840,United States of America,5510,Production,1213,Cauliflowers and broccoli,2024,2024,t,1001192,A,Official figure,
QCL,Crops and livestock products,840,United States of America,5510,Production,01344.02,Cherries,2000,2000,t,185070,A,Official figure,
QCL,Crops and livestock products,840,United States of America,5510,Production,01344.02,Cherries,2001,2001,t,209010,A,Official figure,
QCL,Crops and livestock products,840,United States of America,5510,Production,01344.02,Cherries,2002,2002,t,164564,A,Official figure,
QCL,Crops and livestock products,840,United States of America,5510,Production,01344.02,Cherries,2003,2003,t,160844,A,Official figure,
QCL,Crops and livestock products,840,United States of America,5510,Production,01344.02,Cherries,2004,2004,t,256824,A,Official figure,
QCL,Crops and livestock products,840,United States of America,5510,Production,01344.02,Cherries,2005,2005,t,227522,A,Official figure,
QCL,Crops and livestock products,840,United States of America,5510,Production,01344.02,Cherries,2006,2006,t,266349,A,Official figure,
QCL,Crops and livestock products,840,United States of America,5510,Production,01344.02,Cherries,2007,2007,t,281862,A,Official figure,
QCL,Crops and livestock products,840,United States of America,5510,Production,01344.02,Cherries,2008,2008,t,225073,A,Official figure,
QCL,Crops and livestock products,840,United States of America,5510,Production,01344.02,Cherries,2009,2009,t,401792,A,Official figure,
QCL,Crops and livestock products,840,United States of America,5510,Production,01344.02,Cherries,2010,2010,t,284148,A,Official figure,
QCL,Crops and livestock products,840,United States of America,5510,Production,01344.02,Cherries,2011,2011,t,303377,A,Official figure,
QCL,Crops and livestock products,840,United States of America,5510,Production,01344.02,Cherries,2012,2012,t,384647,A,Official figure,
QCL,Crops and livestock products,840,United States of America,5510,Production,01344.02,Cherries,2013,2013,t,301276,A,Official figure,
QCL,Crops and livestock products,840,United States of America,5510,Production,01344.02,Cherries,2014,2014,t,329852,A,Official figure,
QCL,Crops and livestock products,840,United States of America,5510,Production,01344.02,Cherries,2015,2015,t,306991,A,Official figure,
QCL,Crops and livestock products,840,United States of America,5510,Production,01344.02,Cherries,2016,2016,t,315454,A,Official figure,
QCL,Crops and livestock products,840,United States of America,5510,Production,01344.02,Cherries,2017,2017,t,396940,A,Official figure,
QCL,Crops and livestock products,840,United States of America,5510,Production,01344.02,Cherries,2018,2018,t,312430,A,Official figure,
QCL,Crops and livestock products,840,United States of America,5510,Production,01344.02,Cherries,2019,2019,t,319870,A,Official figure,
QCL,Crops and livestock products,840,United States of America,5510,Production,01344.02,Cherries,2020,2020,t,294930,A,Official figure,
QCL,Crops and livestock products,840,United States of America,5510,Production,01344.02,Cherries,2021,2021,t,333210,A,Official figure,
QCL,Crops and livestock products,840,United States of America,5510,Production,01344.02,Cherries,2022,2022,t,202570,A,Official figure,
QCL,Crops and livestock products,840,United States of America,5510,Production,01344.02,Cherries,2023,2023,t,321420,A,Official figure,
QCL,Crops and livestock products,840,United States of America,5510,Production,01344.02,Cherries,2024,2024,t,333120,A,Official figure,
QCL,Crops and livestock products,840,United States of America,5510,Production,1703,"Chick peas, dry",2000,2000,t,60509,A,Official figure,
QCL,Crops and livestock products,840,United States of America,5510,Production,1703,"Chick peas, dry",2001,2001,t,73119,A,Official figure,
QCL,Crops and livestock products,840,United States of America,5510,Production,1703,"Chick peas, dry",2002,2002,t,39054,A,Official figure,
QCL,Crops and livestock products,840,United States of America,5510,Production,1703,"Chick peas, dry",2003,2003,t,18915,A,Official figure,
QCL,Crops and livestock products,840,United States of America,5510,Production,1703,"Chick peas, dry",2004,2004,t,26898,A,Official figure,
QCL,Crops and livestock products,840,United States of America,5510,Production,1703,"Chick peas, dry",2005,2005,t,48126,A,Official figure,
QCL,Crops and livestock products,840,United States of America,5510,Production,1703,"Chick peas, dry",2006,2006,t,69808,A,Official figure,
QCL,Crops and livestock products,840,United States of America,5510,Production,1703,"Chick peas, dry",2007,2007,t,68719,A,Official figure,
QCL,Crops and livestock products,840,United States of America,5510,Production,1703,"Chick peas, dry",2008,2008,t,50712,A,Official figure,
QCL,Crops and livestock products,840,United States of America,5510,Production,1703,"Chick peas, dry",2009,2009,t,65499,A,Official figure,
QCL,Crops and livestock products,840,United States of America,5510,Production,1703,"Chick peas, dry",2010,2010,t,87952,A,Official figure,
QCL,Crops and livestock products,840,United States of America,5510,Production,1703,"Chick peas, dry",2011,2011,t,99881,A,Official figure,
QCL,Crops and livestock products,840,United States of America,5510,Production,1703,"Chick peas, dry",2012,2012,t,151137,A,Official figure,
QCL,Crops and livestock products,840,United States of America,5510,Production,1703,"Chick peas, dry",2013,2013,t,161434,A,Official figure,
QCL,Crops and livestock products,840,United States of America,5510,Production,1703,"Chick peas, dry",2014,2014,t,127369,A,Official figure,
QCL,Crops and livestock products,840,United States of America,5510,Production,1703,"Chick peas, dry",2015,2015,t,114440,A,Official figure,
QCL,Crops and livestock products,840,United States of America,5510,Production,1703,"Chick peas, dry",2016,2016,t,247070,A,Official figure,
QCL,Crops and livestock products,840,United States of America,5510,Production,1703,"Chick peas, dry",2017,2017,t,320100,A,Official figure,
QCL,Crops and livestock products,840,United States of America,5510,Production,1703,"Chick peas, dry",2018,2018,t,580010,A,Official figure,
QCL,Crops and livestock products,840,United States of America,5510,Production,1703,"Chick peas, dry",2019,2019,t,282910,A,Official figure,
QCL,Crops and livestock products,840,United States of America,5510,Production,1703,"Chick peas, dry",2020,2020,t,185380,A,Official figure,
QCL,Crops and livestock products,840,United States of America,5510,Production,1703,"Chick peas, dry",2021,2021,t,129190,A,Official figure,
QCL,Crops and livestock products,840,United States of America,5510,Production,1703,"Chick peas, dry",2022,2022,t,167190,A,Official figure,
QCL,Crops and livestock products,840,United States of America,5510,Production,1703,"Chick peas, dry",2023,2023,t,211370,A,Official figure,
QCL,Crops and livestock products,840,United States of America,5510,Production,1703,"Chick peas, dry",2024,2024,t,255460,A,Official figure,
QCL,Crops and livestock products,840,United States of America,5510,Production,1652,"Chillies and peppers, dry (Capsicum spp., Pimenta spp.), raw",2000,2000,t,0,A,Official figure,
QCL,Crops and livestock products,840,United States of America,5510,Production,1652,"Chillies and peppers, dry (Capsicum spp., Pimenta spp.), raw",2001,2001,t,0,E,Estimated value,
QCL,Crops and livestock products,840,United States of America,5510,Production,1652,"Chillies and peppers, dry (Capsicum spp., Pimenta spp.), raw",2002,2002,t,0,E,Estimated value,
QCL,Crops and livestock products,840,United States of America,5510,Production,1652,"Chillies and peppers, dry (Capsicum spp., Pimenta spp.), raw",2003,2003,t,0,E,Estimated value,
QCL,Crops and livestock products,840,United States of America,5510,Production,1652,"Chillies and peppers, dry (Capsicum spp., Pimenta spp.), raw",2004,2004,t,0,E,Estimated value,
QCL,Crops and livestock products,840,United States of America,5510,Production,1652,"Chillies and peppers, dry (Capsicum spp., Pimenta spp.), raw",2005,2005,t,0,E,Estimated value,
QCL,Crops and livestock products,840,United States of America,5510,Production,1652,"Chillies and peppers, dry (Capsicum spp., Pimenta spp.), raw",2006,2006,t,0,E,Estimated value,
QCL,Crops and livestock products,840,United States of America,5510,Production,1652,"Chillies and peppers, dry (Capsicum spp., Pimenta spp.), raw",2007,2007,t,0,E,Estimated value,
QCL,Crops and livestock products,840,United States of America,5510,Production,1652,"Chillies and peppers, dry (Capsicum spp., Pimenta spp.), raw",2008,2008,t,,M,Missing value; data cannot exist,
QCL,Crops and livestock products,840,United States of America,5510,Production,1652,"Chillies and peppers, dry (Capsicum spp., Pimenta spp.), raw",2009,2009,t,,M,Missing value; data cannot exist,
QCL,Crops and livestock products,840,United States of America,5510,Production,1652,"Chillies and peppers, dry (Capsicum spp., Pimenta spp.), raw",2010,2010,t,,M,Missing value; data cannot exist,
QCL,Crops and livestock products,840,United States of America,5510,Production,1652,"Chillies and peppers, dry (Capsicum spp., Pimenta spp.), raw",2011,2011,t,,M,Missing value; data cannot exist,
QCL,Crops and livestock products,840,United States of America,5510,Production,1652,"Chillies and peppers, dry (Capsicum spp., Pimenta spp.), raw",2012,2012,t,,M,Missing value; data cannot exist,
QCL,Crops and livestock products,840,United States of America,5510,Production,1652,"Chillies and peppers, dry (Capsicum spp., Pimenta spp.), raw",2013,2013,t,,M,Missing value; data cannot exist,
QCL,Crops and livestock products,840,United States of America,5510,Production,1652,"Chillies and peppers, dry (Capsicum spp., Pimenta spp.), raw",2014,2014,t,,M,Missing value; data cannot exist,
QCL,Crops and livestock products,840,United States of America,5510,Production,1652,"Chillies and peppers, dry (Capsicum spp., Pimenta spp.), raw",2015,2015,t,,M,Missing value; data cannot exist,
QCL,Crops and livestock products,840,United States of America,5510,Production,1652,"Chillies and peppers, dry (Capsicum spp., Pimenta spp.), raw",2016,2016,t,,M,Missing value; data cannot exist,
QCL,Crops and livestock products,840,United States of America,5510,Production,1652,"Chillies and peppers, dry (Capsicum spp., Pimenta spp.), raw",2017,2017,t,,M,Missing value; data cannot exist,
QCL,Crops and livestock products,840,United States of America,5510,Production,1652,"Chillies and peppers, dry (Capsicum spp., Pimenta spp.), raw",2018,2018,t,,M,Missing value; data cannot exist,
QCL,Crops and livestock products,840,United States of America,5510,Production,1652,"Chillies and peppers, dry (Capsicum spp., Pimenta spp.), raw",2019,2019,t,,M,Missing value; data cannot exist,
QCL,Crops and livestock products,840,United States of America,5510,Production,1652,"Chillies and peppers, dry (Capsicum spp., Pimenta spp.), raw",2020,2020,t,,M,Missing value; data cannot exist,
QCL,Crops and livestock products,840,United States of America,5510,Production,1652,"Chillies and peppers, dry (Capsicum spp., Pimenta spp.), raw",2021,2021,t,,M,Missing value; data cannot exist,
QCL,Crops and livestock products,840,United States of America,5510,Production,1652,"Chillies and peppers, dry (Capsicum spp., Pimenta spp.), raw",2022,2022,t,,M,Missing value; data cannot exist,
QCL,Crops and livestock products,840,United States of America,5510,Production,1652,"Chillies and peppers, dry (Capsicum spp., Pimenta spp.), raw",2023,2023,t,,M,Missing value; data cannot exist,
QCL,Crops and livestock products,840,United States of America,5510,Production,1652,"Chillies and peppers, dry (Capsicum spp., Pimenta spp.), raw",2024,2024,t,,M,Missing value; data cannot exist,
QCL,Crops and livestock products,840,United States of America,5510,Production,1231,"Chillies and peppers, green (Capsicum spp. and Pimenta spp.)",2000,2000,t,912990,A,Official figure,
QCL,Crops and livestock products,840,United States of America,5510,Production,1231,"Chillies and peppers, green (Capsicum spp. and Pimenta spp.)",2001,2001,t,857330,A,Official figure,
QCL,Crops and livestock products,840,United States of America,5510,Production,1231,"Chillies and peppers, green (Capsicum spp. and Pimenta spp.)",2002,2002,t,868260,A,Official figure,
QCL,Crops and livestock products,840,United States of America,5510,Production,1231,"Chillies and peppers, green (Capsicum spp. and Pimenta spp.)",2003,2003,t,932630,A,Official figure,
QCL,Crops and livestock products,840,United States of America,5510,Production,1231,"Chillies and peppers, green (Capsicum spp. and Pimenta spp.)",2004,2004,t,978890,A,Official figure,
QCL,Crops and livestock products,840,United States of America,5510,Production,1231,"Chillies and peppers, green (Capsicum spp. and Pimenta spp.)",2005,2005,t,959070,A,Official figure,
QCL,Crops and livestock products,840,United States of America,5510,Production,1231,"Chillies and peppers, green (Capsicum spp. and Pimenta spp.)",2006,2006,t,998210,A,Official figure,
QCL,Crops and livestock products,840,United States of America,5510,Production,1231,"Chillies and peppers, green (Capsicum spp. and Pimenta spp.)",2007,2007,t,906140,A,Official figure,
QCL,Crops and livestock products,840,United States of America,5510,Production,1231,"Chillies and peppers, green (Capsicum spp. and Pimenta spp.)",2008,2008,t,911810,A,Official figure,
QCL,Crops and livestock products,840,United States of America,5510,Production,1231,"Chillies and peppers, green (Capsicum spp. and Pimenta spp.)",2009,2009,t,970510,A,Official figure,
QCL,Crops and livestock products,840,United States of America,5510,Production,1231,"Chillies and peppers, green (Capsicum spp. and Pimenta spp.)",2010,2010,t,898340,A,Official figure,
QCL,Crops and livestock products,840,United States of America,5510,Production,1231,"Chillies and peppers, green (Capsicum spp. and Pimenta spp.)",2011,2011,t,916390,A,Official figure,
QCL,Crops and livestock products,840,United States of America,5510,Production,1231,"Chillies and peppers, green (Capsicum spp. and Pimenta spp.)",2012,2012,t,907270,A,Official figure,
QCL,Crops and livestock products,840,United States of America,5510,Production,1231,"Chillies and peppers, green (Capsicum spp. and Pimenta spp.)",2013,2013,t,845630,A,Official figure,
QCL,Crops and livestock products,840,United States of America,5510,Production,1231,"Chillies and peppers, green (Capsicum spp. and Pimenta spp.)",2014,2014,t,914490,A,Official figure,
QCL,Crops and livestock products,840,United States of America,5510,Production,1231,"Chillies and peppers, green (Capsicum spp. and Pimenta spp.)",2015,2015,t,870350,A,Official figure,
QCL,Crops and livestock products,840,United States of America,5510,Production,1231,"Chillies and peppers, green (Capsicum spp. and Pimenta spp.)",2016,2016,t,856160,A,Official figure,
QCL,Crops and livestock products,840,United States of America,5510,Production,1231,"Chillies and peppers, green (Capsicum spp. and Pimenta spp.)",2017,2017,t,804039,A,Official figure,
QCL,Crops and livestock products,840,United States of America,5510,Production,1231,"Chillies and peppers, green (Capsicum spp. and Pimenta spp.)",2018,2018,t,705790,A,Official figure,
QCL,Crops and livestock products,840,United States of America,5510,Production,1231,"Chillies and peppers, green (Capsicum spp. and Pimenta spp.)",2019,2019,t,658322,A,Official figure,
QCL,Crops and livestock products,840,United States of America,5510,Production,1231,"Chillies and peppers, green (Capsicum spp. and Pimenta spp.)",2020,2020,t,565743,A,Official figure,
QCL,Crops and livestock products,840,United States of America,5510,Production,1231,"Chillies and peppers, green (Capsicum spp. and Pimenta spp.)",2021,2021,t,579873,A,Official figure,
QCL,Crops and livestock products,840,United States of America,5510,Production,1231,"Chillies and peppers, green (Capsicum spp. and Pimenta spp.)",2022,2022,t,621512,A,Official figure,
QCL,Crops and livestock products,840,United States of America,5510,Production,1231,"Chillies and peppers, green (Capsicum spp. and Pimenta spp.)",2023,2023,t,575110,A,Official figure,
QCL,Crops and livestock products,840,United States of America,5510,Production,1231,"Chillies and peppers, green (Capsicum spp. and Pimenta spp.)",2024,2024,t,550371,A,Official figure,
QCL,Crops and livestock products,840,United States of America,5510,Production,1610,"Coffee, green",2000,2000,t,3950,A,Official figure,
QCL,Crops and livestock products,840,United States of America,5510,Production,1610,"Coffee, green",2001,2001,t,3630,A,Official figure,
QCL,Crops and livestock products,840,United States of America,5510,Production,1610,"Coffee, green",2002,2002,t,3400,A,Official figure,
QCL,Crops and livestock products,840,United States of America,5510,Production,1610,"Coffee, green",2003,2003,t,3760,A,Official figure,
QCL,Crops and livestock products,840,United States of America,5510,Production,1610,"Coffee, green",2004,2004,t,2540,A,Official figure,
QCL,Crops and livestock products,840,United States of America,5510,Production,1610,"Coffee, green",2005,2005,t,3719,A,Official figure,
QCL,Crops and livestock products,840,United States of America,5510,Production,1610,"Coffee, green",2006,2006,t,3311,A,Official figure,
QCL,Crops and livestock products,840,United States of America,5510,Production,1610,"Coffee, green",2007,2007,t,3400,A,Official figure,
QCL,Crops and livestock products,840,United States of America,5510,Production,1610,"Coffee, green",2008,2008,t,3950,A,Official figure,
QCL,Crops and livestock products,840,United States of America,5510,Production,1610,"Coffee, green",2009,2009,t,3950,A,Official figure,
QCL,Crops and livestock products,840,United States of America,5510,Production,1610,"Coffee, green",2010,2010,t,3990,A,Official figure,
QCL,Crops and livestock products,840,United States of America,5510,Production,1610,"Coffee, green",2011,2011,t,3447,A,Official figure,
QCL,Crops and livestock products,840,United States of America,5510,Production,1610,"Coffee, green",2012,2012,t,3175,A,Official figure,
QCL,Crops and livestock products,840,United States of America,5510,Production,1610,"Coffee, green",2013,2013,t,3175,A,Official figure,
QCL,Crops and livestock products,840,United States of America,5510,Production,1610,"Coffee, green",2014,2014,t,3670,A,Official figure,
QCL,Crops and livestock products,840,United States of America,5510,Production,1610,"Coffee, green",2015,2015,t,2390,A,Official figure,
QCL,Crops and livestock products,840,United States of America,5510,Production,1610,"Coffee, green",2016,2016,t,1960,A,Official figure,
QCL,Crops and livestock products,840,United States of America,5510,Production,1610,"Coffee, green",2017,2017,t,2200,A,Official figure,
QCL,Crops and livestock products,840,United States of America,5510,Production,1610,"Coffee, green",2018,2018,t,2490,A,Official figure,
QCL,Crops and livestock products,840,United States of America,5510,Production,1610,"Coffee, green",2019,2019,t,2320,A,Official figure,
QCL,Crops and livestock products,840,United States of America,5510,Production,1610,"Coffee, green",2020,2020,t,1960,A,Official figure,
QCL,Crops and livestock products,840,United States of America,5510,Production,1610,"Coffee, green",2021,2021,t,4709,A,Official figure,
QCL,Crops and livestock products,840,United States of America,5510,Production,1610,"Coffee, green",2022,2022,t,3759,A,Official figure,
QCL,Crops and livestock products,840,United States of America,5510,Production,1610,"Coffee, green",2023,2023,t,3121,A,Official figure,
QCL,Crops and livestock products,840,United States of America,5510,Production,1610,"Coffee, green",2024,2024,t,3817,A,Official figure,
QCL,Crops and livestock products,840,United States of America,5510,Production,1706,"Cow peas, dry",2000,2000,t,17327,A,Official figure,
QCL,Crops and livestock products,840,United States of America,5510,Production,1706,"Cow peas, dry",2001,2001,t,25084,A,Official figure,
QCL,Crops and livestock products,840,United States of America,5510,Production,1706,"Cow peas, dry",2002,2002,t,24630,A,Official figure,
QCL,Crops and livestock products,840,United States of America,5510,Production,1706,"Cow peas, dry",2003,2003,t,35607,A,Official figure,
QCL,Crops and livestock products,840,United States of America,5510,Production,1706,"Cow peas, dry",2004,2004,t,17418,A,Official figure,
QCL,Crops and livestock products,840,United States of America,5510,Production,1706,"Cow peas, dry",2005,2005,t,18416,A,Official figure,
QCL,Crops and livestock products,840,United States of America,5510,Production,1706,"Cow peas, dry",2006,2006,t,24176,A,Official figure,
QCL,Crops and livestock products,840,United States of America,5510,Production,1706,"Cow peas, dry",2007,2007,t,22544,A,Official figure,
QCL,Crops and livestock products,840,United States of America,5510,Production,1706,"Cow peas, dry",2008,2008,t,17872,A,Official figure,
QCL,Crops and livestock products,840,United States of America,5510,Production,1706,"Cow peas, dry",2009,2009,t,34972,A,Official figure,
QCL,Crops and livestock products,840,United States of America,5510,Production,1706,"Cow peas, dry",2010,2010,t,26535,A,Official figure,
QCL,Crops and livestock products,840,United States of America,5510,Production,1706,"Cow peas, dry",2011,2011,t,15286,A,Official figure,
QCL,Crops and livestock products,840,United States of America,5510,Production,1706,"Cow peas, dry",2012,2012,t,24766,A,Official figure,
QCL,Crops and livestock products,840,United States of America,5510,Production,1706,"Cow peas, dry",2013,2013,t,28985,A,Official figure,
QCL,Crops and livestock products,840,United States of America,5510,Production,1706,"Cow peas, dry",2014,2014,t,21591,A,Official figure,
QCL,Crops and livestock products,840,United States of America,5510,Production,1706,"Cow peas, dry",2015,2015,t,25628,A,Official figure,
QCL,Crops and livestock products,840,United States of America,5510,Production,1706,"Cow peas, dry",2016,2016,t,25945,A,Official figure,
QCL,Crops and livestock products,840,United States of America,5510,Production,1706,"Cow peas, dry",2017,2017,t,19820,A,Official figure,
QCL,Crops and livestock products,840,United States of America,5510,Production,1706,"Cow peas, dry",2018,2018,t,23950,A,Official figure,
QCL,Crops and livestock products,840,United States of America,5510,Production,1706,"Cow peas, dry",2019,2019,t,12156,A,Official figure,
QCL,Crops and livestock products,840,United States of America,5510,Production,1706,"Cow peas, dry",2020,2020,t,16284,A,Official figure,
QCL,Crops and livestock products,840,United States of America,5510,Production,1706,"Cow peas, dry",2021,2021,t,10387,A,Official figure,
QCL,Crops and livestock products,840,United States of America,5510,Production,1706,"Cow peas, dry",2022,2022,t,6895,A,Official figure,
QCL,Crops and livestock products,840,United States of America,5510,Production,1706,"Cow peas, dry",2023,2023,t,12927,A,Official figure,
QCL,Crops and livestock products,840,United States of America,5510,Production,1706,"Cow peas, dry",2024,2024,t,10288,A,Official figure,
QCL,Crops and livestock products,840,United States of America,5510,Production,01355.02,Cranberries,2000,2000,t,259093,A,Official figure,
QCL,Crops and livestock products,840,United States of America,5510,Production,01355.02,Cranberries,2001,2001,t,241766,A,Official figure,
QCL,Crops and livestock products,840,United States of America,5510,Production,01355.02,Cranberries,2002,2002,t,258096,A,Official figure,
QCL,Crops and livestock products,840,United States of America,5510,Production,01355.02,Cranberries,2003,2003,t,280910,A,Official figure,
QCL,Crops and livestock products,840,United States of America,5510,Production,01355.02,Cranberries,2004,2004,t,280093,A,Official figure,
QCL,Crops and livestock products,840,United States of America,5510,Production,01355.02,Cranberries,2005,2005,t,283178,A,Official figure,
QCL,Crops and livestock products,840,United States of America,5510,Production,01355.02,Cranberries,2006,2006,t,312525,A,Official figure,
QCL,Crops and livestock products,840,United States of America,5510,Production,01355.02,Cranberries,2007,2007,t,297280,A,Official figure,
QCL,Crops and livestock products,840,United States of America,5510,Production,01355.02,Cranberries,2008,2008,t,356796,A,Official figure,
QCL,Crops and livestock products,840,United States of America,5510,Production,01355.02,Cranberries,2009,2009,t,313569,A,Official figure,
QCL,Crops and livestock products,840,United States of America,5510,Production,01355.02,Cranberries,2010,2010,t,308815,A,Official figure,
QCL,Crops and livestock products,840,United States of America,5510,Production,01355.02,Cranberries,2011,2011,t,349888,A,Official figure,
QCL,Crops and livestock products,840,United States of America,5510,Production,01355.02,Cranberries,2012,2012,t,364915,A,Official figure,
QCL,Crops and livestock products,840,United States of America,5510,Production,01355.02,Cranberries,2013,2013,t,406328,A,Official figure,
QCL,Crops and livestock products,840,United States of America,5510,Production,01355.02,Cranberries,2014,2014,t,381018,A,Official figure,
QCL,Crops and livestock products,840,United States of America,5510,Production,01355.02,Cranberries,2015,2015,t,388411,A,Official figure,
QCL,Crops and livestock products,840,United States of America,5510,Production,01355.02,Cranberries,2016,2016,t,436692,A,Official figure,
QCL,Crops and livestock products,840,United States of America,5510,Production,01355.02,Cranberries,2017,2017,t,380750,A,Official figure,
QCL,Crops and livestock products,840,United States of America,5510,Production,01355.02,Cranberries,2018,2018,t,404880,A,Official figure,
QCL,Crops and livestock products,840,United States of America,5510,Production,01355.02,Cranberries,2019,2019,t,359110,A,Official figure,
QCL,Crops and livestock products,840,United States of America,5510,Production,01355.02,Cranberries,2020,2020,t,354170,A,Official figure,
QCL,Crops and livestock products,840,United States of America,5510,Production,01355.02,Cranberries,2021,2021,t,309400,A,Official figure,
QCL,Crops and livestock products,840,United States of America,5510,Production,01355.02,Cranberries,2022,2022,t,364460,A,Official figure,
QCL,Crops and livestock products,840,United States of America,5510,Production,01355.02,Cranberries,2023,2023,t,367860,A,Official figure,
QCL,Crops and livestock products,840,United States of America,5510,Production,01355.02,Cranberries,2024,2024,t,405780,A,Official figure,
QCL,Crops and livestock products,840,United States of America,5510,Production,1232,Cucumbers and gherkins,2000,2000,t,1106351,A,Official figure,
QCL,Crops and livestock products,840,United States of America,5510,Production,1232,Cucumbers and gherkins,2001,2001,t,1052913,A,Official figure,
QCL,Crops and livestock products,840,United States of America,5510,Production,1232,Cucumbers and gherkins,2002,2002,t,1115495,A,Official figure,
QCL,Crops and livestock products,840,United States of America,5510,Production,1232,Cucumbers and gherkins,2003,2003,t,1073945,A,Official figure,
QCL,Crops and livestock products,840,United States of America,5510,Production,1232,Cucumbers and gherkins,2004,2004,t,1047699,A,Official figure,
QCL,Crops and livestock products,840,United States of America,5510,Production,1232,Cucumbers and gherkins,2005,2005,t,960333,A,Official figure,
QCL,Crops and livestock products,840,United States of America,5510,Production,1232,Cucumbers and gherkins,2006,2006,t,917007,A,Official figure,
QCL,Crops and livestock products,840,United States of America,5510,Production,1232,Cucumbers and gherkins,2007,2007,t,930970,A,Official figure,
QCL,Crops and livestock products,840,United States of America,5510,Production,1232,Cucumbers and gherkins,2008,2008,t,915570,A,Official figure,
QCL,Crops and livestock products,840,United States of America,5510,Production,1232,Cucumbers and gherkins,2009,2009,t,922230,A,Official figure,
QCL,Crops and livestock products,840,United States of America,5510,Production,1232,Cucumbers and gherkins,2010,2010,t,880530,A,Official figure,
QCL,Crops and livestock products,840,United States of America,5510,Production,1232,Cucumbers and gherkins,2011,2011,t,772720,A,Official figure,
QCL,Crops and livestock products,840,United States of America,5510,Production,1232,Cucumbers and gherkins,2012,2012,t,806630,A,Official figure,
QCL,Crops and livestock products,840,United States of America,5510,Production,1232,Cucumbers and gherkins,2013,2013,t,774080,A,Official figure,
QCL,Crops and livestock products,840,United States of America,5510,Production,1232,Cucumbers and gherkins,2014,2014,t,799820,A,Official figure,
QCL,Crops and livestock products,840,United States of America,5510,Production,1232,Cucumbers and gherkins,2015,2015,t,790570,A,Official figure,
QCL,Crops and livestock products,840,United States of America,5510,Production,1232,Cucumbers and gherkins,2016,2016,t,785663,A,Official figure,
QCL,Crops and livestock products,840,United States of America,5510,Production,1232,Cucumbers and gherkins,2017,2017,t,857870,A,Official figure,
QCL,Crops and livestock products,840,United States of America,5510,Production,1232,Cucumbers and gherkins,2018,2018,t,700820,A,Official figure,
QCL,Crops and livestock products,840,United States of America,5510,Production,1232,Cucumbers and gherkins,2019,2019,t,670251,A,Official figure,
QCL,Crops and livestock products,840,United States of America,5510,Production,1232,Cucumbers and gherkins,2020,2020,t,567245,A,Official figure,
QCL,Crops and livestock products,840,United States of America,5510,Production,1232,Cucumbers and gherkins,2021,2021,t,629768,A,Official figure,
QCL,Crops and livestock products,840,United States of America,5510,Production,1232,Cucumbers and gherkins,2022,2022,t,606376,A,Official figure,
QCL,Crops and livestock products,840,United States of America,5510,Production,1232,Cucumbers and gherkins,2023,2023,t,646641,A,Official figure,
QCL,Crops and livestock products,840,United States of America,5510,Production,1232,Cucumbers and gherkins,2024,2024,t,511267,A,Official figure,
QCL,Crops and livestock products,840,United States of America,5510,Production,01351.01,Currants,2000,2000,t,0,E,Estimated value,
QCL,Crops and livestock products,840,United States of America,5510,Production,01351.01,Currants,2001,2001,t,0,E,Estimated value,
QCL,Crops and livestock products,840,United States of America,5510,Production,01351.01,Currants,2002,2002,t,0,E,Estimated value,
QCL,Crops and livestock products,840,United States of America,5510,Production,01351.01,Currants,2003,2003,t,0,E,Estimated value,
QCL,Crops and livestock products,840,United States of America,5510,Production,01351.01,Currants,2004,2004,t,0,E,Estimated value,
QCL,Crops and livestock products,840,United States of America,5510,Production,01351.01,Currants,2005,2005,t,0,E,Estimated value,
QCL,Crops and livestock products,840,United States of America,5510,Production,01351.01,Currants,2006,2006,t,0,E,Estimated value,
QCL,Crops and livestock products,840,United States of America,5510,Production,01351.01,Currants,2007,2007,t,0,E,Estimated value,
QCL,Crops and livestock products,840,United States of America,5510,Production,01351.01,Currants,2008,2008,t,0,I,Value imputed by a receiving agency,
QCL,Crops and livestock products,840,United States of America,5510,Production,01351.01,Currants,2009,2009,t,0,I,Value imputed by a receiving agency,
QCL,Crops and livestock products,840,United States of America,5510,Production,01351.01,Currants,2010,2010,t,0,I,Value imputed by a receiving agency,
QCL,Crops and livestock products,840,United States of America,5510,Production,01351.01,Currants,2011,2011,t,0,I,Value imputed by a receiving agency,
QCL,Crops and livestock products,840,United States of America,5510,Production,01351.01,Currants,2012,2012,t,0,I,Value imputed by a receiving agency,
QCL,Crops and livestock products,840,United States of America,5510,Production,01351.01,Currants,2013,2013,t,0,I,Value imputed by a receiving agency,
QCL,Crops and livestock products,840,United States of America,5510,Production,01351.01,Currants,2014,2014,t,0,I,Value imputed by a receiving agency,
QCL,Crops and livestock products,840,United States of America,5510,Production,01351.01,Currants,2015,2015,t,0,I,Value imputed by a receiving agency,
QCL,Crops and livestock products,840,United States of America,5510,Production,01351.01,Currants,2016,2016,t,0,I,Value imputed by a receiving agency,
QCL,Crops and livestock products,840,United States of America,5510,Production,01351.01,Currants,2017,2017,t,0,I,Value imputed by a receiving agency,
QCL,Crops and livestock products,840,United States of America,5510,Production,01351.01,Currants,2018,2018,t,0,I,Value imputed by a receiving agency,
QCL,Crops and livestock products,840,United States of America,5510,Production,01351.01,Currants,2019,2019,t,0,I,Value imputed by a receiving agency,
QCL,Crops and livestock products,840,United States of America,5510,Production,01351.01,Currants,2020,2020,t,0,I,Value imputed by a receiving agency,
QCL,Crops and livestock products,840,United States of America,5510,Production,01351.01,Currants,2021,2021,t,0,I,Value imputed by a receiving agency,
QCL,Crops and livestock products,840,United States of America,5510,Production,01351.01,Currants,2022,2022,t,0,I,Value imputed by a receiving agency,
QCL,Crops and livestock products,840,United States of America,5510,Production,01351.01,Currants,2023,2023,t,0,I,Value imputed by a receiving agency,
QCL,Crops and livestock products,840,United States of America,5510,Production,01351.01,Currants,2024,2024,t,0,I,Value imputed by a receiving agency,
QCL,Crops and livestock products,840,United States of America,5510,Production,1314,Dates,2000,2000,t,15785,A,Official figure,
QCL,Crops and livestock products,840,United States of America,5510,Production,1314,Dates,2001,2001,t,17872,A,Official figure,
QCL,Crops and livestock products,840,United States of America,5510,Production,1314,Dates,2002,2002,t,21954,A,Official figure,
QCL,Crops and livestock products,840,United States of America,5510,Production,1314,Dates,2003,2003,t,16239,A,Official figure,
QCL,Crops and livestock products,840,United States of America,5510,Production,1314,Dates,2004,2004,t,15604,A,Official figure,
QCL,Crops and livestock products,840,United States of America,5510,Production,1314,Dates,2005,2005,t,16148,A,Official figure,
QCL,Crops and livestock products,840,United States of America,5510,Production,1314,Dates,2006,2006,t,15422,A,Official figure,
QCL,Crops and livestock products,840,United States of America,5510,Production,1314,Dates,2007,2007,t,14787,A,Official figure,
QCL,Crops and livestock products,840,United States of America,5510,Production,1314,Dates,2008,2008,t,18960,A,Official figure,
QCL,Crops and livestock products,840,United States of America,5510,Production,1314,Dates,2009,2009,t,21500,A,Official figure,
QCL,Crops and livestock products,840,United States of America,5510,Production,1314,Dates,2010,2010,t,26308,A,Official figure,
QCL,Crops and livestock products,840,United States of America,5510,Production,1314,Dates,2011,2011,t,30028,A,Official figure,
QCL,Crops and livestock products,840,United States of America,5510,Production,1314,Dates,2012,2012,t,28213,A,Official figure,
QCL,Crops and livestock products,840,United States of America,5510,Production,1314,Dates,2013,2013,t,27669,A,Official figure,
QCL,Crops and livestock products,840,United States of America,5510,Production,1314,Dates,2014,2014,t,30300,A,Official figure,
QCL,Crops and livestock products,840,United States of America,5510,Production,1314,Dates,2015,2015,t,35380,A,Official figure,
QCL,Crops and livestock products,840,United States of America,5510,Production,1314,Dates,2016,2016,t,33874,A,Official figure,
QCL,Crops and livestock products,840,United States of America,5510,Production,1314,Dates,2017,2017,t,39300,A,Official figure,
QCL,Crops and livestock products,840,United States of America,5510,Production,1314,Dates,2018,2018,t,37240,A,Official figure,
QCL,Crops and livestock products,840,United States of America,5510,Production,1314,Dates,2019,2019,t,55701.16,A,Official figure,
QCL,Crops and livestock products,840,United States of America,5510,Production,1314,Dates,2020,2020,t,56789.78,A,Official figure,
QCL,Crops and livestock products,840,United States of America,5510,Production,1314,Dates,2021,2021,t,61190,A,Official figure,
QCL,Crops and livestock products,840,United States of America,5510,Production,1314,Dates,2022,2022,t,58510,A,Official figure,
QCL,Crops and livestock products,840,United States of America,5510,Production,1314,Dates,2023,2023,t,58200,A,Official figure,
QCL,Crops and livestock products,840,United States of America,5510,Production,1314,Dates,2024,2024,t,56650,A,Official figure,
QCL,Crops and livestock products,840,United States of America,5510,Production,1233,Eggplants (aubergines),2000,2000,t,77290,A,Official figure,
QCL,Crops and livestock products,840,United States of America,5510,Production,1233,Eggplants (aubergines),2001,2001,t,61420,A,Official figure,
QCL,Crops and livestock products,840,United States of America,5510,Production,1233,Eggplants (aubergines),2002,2002,t,61000,E,Estimated value,
QCL,Crops and livestock products,840,United States of America,5510,Production,1233,Eggplants (aubergines),2003,2003,t,72544,A,Official figure,
QCL,Crops and livestock products,840,United States of America,5510,Production,1233,Eggplants (aubergines),2004,2004,t,68493,A,Official figure,
QCL,Crops and livestock products,840,United States of America,5510,Production,1233,Eggplants (aubergines),2005,2005,t,75296,A,Official figure,
QCL,Crops and livestock products,840,United States of America,5510,Production,1233,Eggplants (aubergines),2006,2006,t,73936,A,Official figure,
QCL,Crops and livestock products,840,United States of America,5510,Production,1233,Eggplants (aubergines),2007,2007,t,75000,E,Estimated value,
QCL,Crops and livestock products,840,United States of America,5510,Production,1233,Eggplants (aubergines),2008,2008,t,78561.83,I,Value imputed by a receiving agency,
QCL,Crops and livestock products,840,United States of America,5510,Production,1233,Eggplants (aubergines),2009,2009,t,83523.98,I,Value imputed by a receiving agency,
QCL,Crops and livestock products,840,United States of America,5510,Production,1233,Eggplants (aubergines),2010,2010,t,84645.65,I,Value imputed by a receiving agency,
QCL,Crops and livestock products,840,United States of America,5510,Production,1233,Eggplants (aubergines),2011,2011,t,87232.96,I,Value imputed by a receiving agency,
QCL,Crops and livestock products,840,United States of America,5510,Production,1233,Eggplants (aubergines),2012,2012,t,89820.27,I,Value imputed by a receiving agency,
QCL,Crops and livestock products,840,United States of America,5510,Production,1233,Eggplants (aubergines),2013,2013,t,92407.58,I,Value imputed by a receiving agency,
QCL,Crops and livestock products,840,United States of America,5510,Production,1233,Eggplants (aubergines),2014,2014,t,96237.87,I,Value imputed by a receiving agency,
QCL,Crops and livestock products,840,United States of America,5510,Production,1233,Eggplants (aubergines),2015,2015,t,99268.87,I,Value imputed by a receiving agency,
QCL,Crops and livestock products,840,United States of America,5510,Production,1233,Eggplants (aubergines),2016,2016,t,95971.44,E,Estimated value,
QCL,Crops and livestock products,840,United States of America,5510,Production,1233,Eggplants (aubergines),2017,2017,t,100212.37,I,Value imputed by a receiving agency,
QCL,Crops and livestock products,840,United States of America,5510,Production,1233,Eggplants (aubergines),2018,2018,t,98484.23,E,Estimated value,
QCL,Crops and livestock products,840,United States of America,5510,Production,1233,Eggplants (aubergines),2019,2019,t,98222.68,E,Estimated value,
QCL,Crops and livestock products,840,United States of America,5510,Production,1233,Eggplants (aubergines),2020,2020,t,102783.76,I,Value imputed by a receiving agency,
QCL,Crops and livestock products,840,United States of America,5510,Production,1233,Eggplants (aubergines),2021,2021,t,99830.22,E,Estimated value,
QCL,Crops and livestock products,840,United States of America,5510,Production,1233,Eggplants (aubergines),2022,2022,t,100278.89,E,Estimated value,
QCL,Crops and livestock products,840,United States of America,5510,Production,1233,Eggplants (aubergines),2023,2023,t,100964.29,E,Estimated value,
QCL,Crops and livestock products,840,United States of America,5510,Production,1233,Eggplants (aubergines),2024,2024,t,100357.8,E,Estimated value,
QCL,Crops and livestock products,840,United States of America,5510,Production,1315,Figs,2000,2000,t,50712,A,Official figure,
QCL,Crops and livestock products,840,United States of America,5510,Production,1315,Figs,2001,2001,t,37195,A,Official figure,
QCL,Crops and livestock products,840,United States of America,5510,Production,1315,Figs,2002,2002,t,48260,A,Official figure,
QCL,Crops and livestock products,840,United States of America,5510,Production,1315,Figs,2003,2003,t,43998,A,Official figure,
QCL,Crops and livestock products,840,United States of America,5510,Production,1315,Figs,2004,2004,t,46357,A,Official figure,
QCL,Crops and livestock products,840,United States of America,5510,Production,1315,Figs,2005,2005,t,44633,A,Official figure,
QCL,Crops and livestock products,840,United States of America,5510,Production,1315,Figs,2006,2006,t,37830,A,Official figure,
QCL,Crops and livestock products,840,United States of America,5510,Production,1315,Figs,2007,2007,t,43363,A,Official figure,
QCL,Crops and livestock products,840,United States of America,5510,Production,1315,Figs,2008,2008,t,39280,A,Official figure,
QCL,Crops and livestock products,840,United States of America,5510,Production,1315,Figs,2009,2009,t,39689,A,Official figure,
QCL,Crops and livestock products,840,United States of America,5510,Production,1315,Figs,2010,2010,t,37113,A,Official figure,
QCL,Crops and livestock products,840,United States of America,5510,Production,1315,Figs,2011,2011,t,35072,A,Official figure,
QCL,Crops and livestock products,840,United States of America,5510,Production,1315,Figs,2012,2012,t,31751,A,Official figure,
QCL,Crops and livestock products,840,United States of America,5510,Production,1315,Figs,2013,2013,t,29937,A,Official figure,
QCL,Crops and livestock products,840,United States of America,5510,Production,1315,Figs,2014,2014,t,30300,A,Official figure,
QCL,Crops and livestock products,840,United States of America,5510,Production,1315,Figs,2015,2015,t,28760,A,Official figure,
QCL,Crops and livestock products,840,United States of America,5510,Production,1315,Figs,2016,2016,t,29660,A,Official figure,
QCL,Crops and livestock products,840,United States of America,5510,Production,1315,Figs,2017,2017,t,28300,A,Official figure,
QCL,Crops and livestock products,840,United States of America,5510,Production,1315,Figs,2018,2018,t,27618.13,I,Value imputed by a receiving agency,
QCL,Crops and livestock products,840,United States of America,5510,Production,1315,Figs,2019,2019,t,28526.04,E,Estimated value,
QCL,Crops and livestock products,840,United States of America,5510,Production,1315,Figs,2020,2020,t,28148.06,E,Estimated value,
QCL,Crops and livestock products,840,United States of America,5510,Production,1315,Figs,2021,2021,t,28097.41,E,Estimated value,
QCL,Crops and livestock products,840,United States of America,5510,Production,1315,Figs,2022,2022,t,28257.17,E,Estimated value,
QCL,Crops and livestock products,840,United States of America,5510,Production,1315,Figs,2023,2023,t,28167.55,E,Estimated value,
QCL,Crops and livestock products,840,United States of America,5510,Production,1315,Figs,2024,2024,t,28174.04,E,Estimated value,
QCL,Crops and livestock products,840,United States of America,5510,Production,1657,"Ginger, raw",2000,2000,t,6123,A,Official figure,
QCL,Crops and livestock products,840,United States of America,5510,Production,1657,"Ginger, raw",2001,2001,t,8165,A,Official figure,
QCL,Crops and livestock products,840,United States of America,5510,Production,1657,"Ginger, raw",2002,2002,t,6532,A,Official figure,
QCL,Crops and livestock products,840,United States of America,5510,Production,1657,"Ginger, raw",2003,2003,t,2722,A,Official figure,
QCL,Crops and livestock products,840,United States of America,5510,Production,1657,"Ginger, raw",2004,2004,t,2722,A,Official figure,
QCL,Crops and livestock products,840,United States of America,5510,Production,1657,"Ginger, raw",2005,2005,t,2313,A,Official figure,
QCL,Crops and livestock products,840,United States of America,5510,Production,1657,"Ginger, raw",2006,2006,t,1950,A,Official figure,
QCL,Crops and livestock products,840,United States of America,5510,Production,1657,"Ginger, raw",2007,2007,t,1270,A,Official figure,
QCL,Crops and livestock products,840,United States of America,5510,Production,1657,"Ginger, raw",2008,2008,t,816,A,Official figure,
QCL,Crops and livestock products,840,United States of America,5510,Production,1657,"Ginger, raw",2009,2009,t,816,E,Estimated value,
QCL,Crops and livestock products,840,United States of America,5510,Production,1657,"Ginger, raw",2010,2010,t,833.12,I,Value imputed by a receiving agency,
QCL,Crops and livestock products,840,United States of America,5510,Production,1657,"Ginger, raw",2011,2011,t,836.58,I,Value imputed by a receiving agency,
QCL,Crops and livestock products,840,United States of America,5510,Production,1657,"Ginger, raw",2012,2012,t,739.58,I,Value imputed by a receiving agency,
QCL,Crops and livestock products,840,United States of America,5510,Production,1657,"Ginger, raw",2013,2013,t,697.03,I,Value imputed by a receiving agency,
QCL,Crops and livestock products,840,United States of America,5510,Production,1657,"Ginger, raw",2014,2014,t,655.74,I,Value imputed by a receiving agency,
QCL,Crops and livestock products,840,United States of America,5510,Production,1657,"Ginger, raw",2015,2015,t,667.81,I,Value imputed by a receiving agency,
QCL,Crops and livestock products,840,United States of America,5510,Production,1657,"Ginger, raw",2016,2016,t,692.1,I,Value imputed by a receiving agency,
QCL,Crops and livestock products,840,United States of America,5510,Production,1657,"Ginger, raw",2017,2017,t,671.88,E,Estimated value,
QCL,Crops and livestock products,840,United States of America,5510,Production,1657,"Ginger, raw",2018,2018,t,645.43,I,Value imputed by a receiving agency,
QCL,Crops and livestock products,840,United States of America,5510,Production,1657,"Ginger, raw",2019,2019,t,669.8,E,Estimated value,
QCL,Crops and livestock products,840,United States of America,5510,Production,1657,"Ginger, raw",2020,2020,t,681.07,I,Value imputed by a receiving agency,
QCL,Crops and livestock products,840,United States of America,5510,Production,1657,"Ginger, raw",2021,2021,t,655.09,I,Value imputed by a receiving agency,
QCL,Crops and livestock products,840,United States of America,5510,Production,1657,"Ginger, raw",2022,2022,t,661.25,I,Value imputed by a receiving agency,
QCL,Crops and livestock products,840,United States of America,5510,Production,1657,"Ginger, raw",2023,2023,t,658.68,I,Value imputed by a receiving agency,
QCL,Crops and livestock products,840,United States of America,5510,Production,1657,"Ginger, raw",2024,2024,t,657.4,I,Value imputed by a receiving agency,
QCL,Crops and livestock products,840,United States of America,5510,Production,1330,Grapes,2000,2000,t,6973801,A,Official figure,
QCL,Crops and livestock products,840,United States of America,5510,Production,1330,Grapes,2001,2001,t,5959603,A,Official figure,
QCL,Crops and livestock products,840,United States of America,5510,Production,1330,Grapes,2002,2002,t,6657777,A,Official figure,
QCL,Crops and livestock products,840,United States of America,5510,Production,1330,Grapes,2003,2003,t,5887268,A,Official figure,
QCL,Crops and livestock products,840,United States of America,5510,Production,1330,Grapes,2004,2004,t,5660833,A,Official figure,
QCL,Crops and livestock products,840,United States of America,5510,Production,1330,Grapes,2005,2005,t,7088470,A,Official figure,
QCL,Crops and livestock products,840,United States of America,5510,Production,1330,Grapes,2006,2006,t,5757267,A,Official figure,
QCL,Crops and livestock products,840,United States of America,5510,Production,1330,Grapes,2007,2007,t,6402277,A,Official figure,
QCL,Crops and livestock products,840,United States of America,5510,Production,1330,Grapes,2008,2008,t,6639960,A,Official figure,
QCL,Crops and livestock products,840,United States of America,5510,Production,1330,Grapes,2009,2009,t,6629198,A,Official figure,
QCL,Crops and livestock products,840,United States of America,5510,Production,1330,Grapes,2010,2010,t,6777731,A,Official figure,
QCL,Crops and livestock products,840,United States of America,5510,Production,1330,Grapes,2011,2011,t,6756457,A,Official figure,
QCL,Crops and livestock products,840,United States of America,5510,Production,1330,Grapes,2012,2012,t,6831902,A,Official figure,
QCL,Crops and livestock products,840,United States of America,5510,Production,1330,Grapes,2013,2013,t,7830637,A,Official figure,
QCL,Crops and livestock products,840,United States of America,5510,Production,1330,Grapes,2014,2014,t,7152090,A,Official figure,
QCL,Crops and livestock products,840,United States of America,5510,Production,1330,Grapes,2015,2015,t,6964593,A,Official figure,
QCL,Crops and livestock products,840,United States of America,5510,Production,1330,Grapes,2016,2016,t,6982630,A,Official figure,
QCL,Crops and livestock products,840,United States of America,5510,Production,1330,Grapes,2017,2017,t,6698520,A,Official figure,
QCL,Crops and livestock products,840,United States of America,5510,Production,1330,Grapes,2018,2018,t,6890980,A,Official figure,
QCL,Crops and livestock products,840,United States of America,5510,Production,1330,Grapes,2019,2019,t,6314914.79,A,Official figure,
QCL,Crops and livestock products,840,United States of America,5510,Production,1330,Grapes,2020,2020,t,5479400,A,Official figure,
QCL,Crops and livestock products,840,United States of America,5510,Production,1330,Grapes,2021,2021,t,5473950,A,Official figure,
QCL,Crops and livestock products,840,United States of America,5510,Production,1330,Grapes,2022,2022,t,5409090,A,Official figure,
QCL,Crops and livestock products,840,United States of America,5510,Production,1330,Grapes,2023,2023,t,5351940,A,Official figure,
QCL,Crops and livestock products,840,United States of America,5510,Production,1330,Grapes,2024,2024,t,4902250,A,Official figure,
QCL,Crops and livestock products,840,United States of America,5510,Production,01290.01,Green corn (maize),2000,2000,t,4340585,A,Official figure,
QCL,Crops and livestock products,840,United States of America,5510,Production,01290.01,Green corn (maize),2001,2001,t,4363838,A,Official figure,
QCL,Crops and livestock products,840,United States of America,5510,Production,01290.01,Green corn (maize),2002,2002,t,4268803,A,Official figure,
QCL,Crops and livestock products,840,United States of America,5510,Production,01290.01,Green corn (maize),2003,2003,t,4513066,A,Official figure,
QCL,Crops and livestock products,840,United States of America,5510,Production,01290.01,Green corn (maize),2004,2004,t,4198595,A,Official figure,
QCL,Crops and livestock products,840,United States of America,5510,Production,01290.01,Green corn (maize),2005,2005,t,4373010,A,Official figure,
QCL,Crops and livestock products,840,United States of America,5510,Production,01290.01,Green corn (maize),2006,2006,t,4253324,A,Official figure,
QCL,Crops and livestock products,840,United States of America,5510,Production,01290.01,Green corn (maize),2007,2007,t,4190350,A,Official figure,
QCL,Crops and livestock products,840,United States of America,5510,Production,01290.01,Green corn (maize),2008,2008,t,3880410,A,Official figure,
QCL,Crops and livestock products,840,United States of America,5510,Production,01290.01,Green corn (maize),2009,2009,t,4242000,A,Official figure,
QCL,Crops and livestock products,840,United States of America,5510,Production,01290.01,Green corn (maize),2010,2010,t,3788030,A,Official figure,
QCL,Crops and livestock products,840,United States of America,5510,Production,01290.01,Green corn (maize),2011,2011,t,3684530,A,Official figure,
QCL,Crops and livestock products,840,United States of America,5510,Production,01290.01,Green corn (maize),2012,2012,t,3950630,A,Official figure,
QCL,Crops and livestock products,840,United States of America,5510,Production,01290.01,Green corn (maize),2013,2013,t,3610470,A,Official figure,
QCL,Crops and livestock products,840,United States of America,5510,Production,01290.01,Green corn (maize),2014,2014,t,3447520,A,Official figure,
QCL,Crops and livestock products,840,United States of America,5510,Production,01290.01,Green corn (maize),2015,2015,t,3525060,A,Official figure,
QCL,Crops and livestock products,840,United States of America,5510,Production,01290.01,Green corn (maize),2016,2016,t,3294760,A,Official figure,
QCL,Crops and livestock products,840,United States of America,5510,Production,01290.01,Green corn (maize),2017,2017,t,3431310,A,Official figure,
QCL,Crops and livestock products,840,United States of America,5510,Production,01290.01,Green corn (maize),2018,2018,t,3332080,A,Official figure,
QCL,Crops and livestock products,840,United States of America,5510,Production,01290.01,Green corn (maize),2019,2019,t,2856091,A,Official figure,
QCL,Crops and livestock products,840,United States of America,5510,Production,01290.01,Green corn (maize),2020,2020,t,2743282,A,Official figure,
QCL,Crops and livestock products,840,United States of America,5510,Production,01290.01,Green corn (maize),2021,2021,t,2771155,A,Official figure,
QCL,Crops and livestock products,840,United States of America,5510,Production,01290.01,Green corn (maize),2022,2022,t,2753896,A,Official figure,
QCL,Crops and livestock products,840,United States of America,5510,Production,01290.01,Green corn (maize),2023,2023,t,2789798,A,Official figure,
QCL,Crops and livestock products,840,United States of America,5510,Production,01290.01,Green corn (maize),2024,2024,t,2388323,A,Official figure,
QCL,Crops and livestock products,840,United States of America,5510,Production,1252,Green garlic,2000,2000,t,253150,A,Official figure,
QCL,Crops and livestock products,840,United States of America,5510,Production,1252,Green garlic,2001,2001,t,266570,A,Official figure,
QCL,Crops and livestock products,840,United States of America,5510,Production,1252,Green garlic,2002,2002,t,256280,A,Official figure,
QCL,Crops and livestock products,840,United States of America,5510,Production,1252,Green garlic,2003,2003,t,283090,A,Official figure,
QCL,Crops and livestock products,840,United States of America,5510,Production,1252,Green garlic,2004,2004,t,236960,A,Official figure,
QCL,Crops and livestock products,840,United States of America,5510,Production,1252,Green garlic,2005,2005,t,216410,A,Official figure,
QCL,Crops and livestock products,840,United States of America,5510,Production,1252,Green garlic,2006,2006,t,224480,A,Official figure,
QCL,Crops and livestock products,840,United States of America,5510,Production,1252,Green garlic,2007,2007,t,186150,A,Official figure,
QCL,Crops and livestock products,840,United States of America,5510,Production,1252,Green garlic,2008,2008,t,194230,A,Official figure,
QCL,Crops and livestock products,840,United States of America,5510,Production,1252,Green garlic,2009,2009,t,175900,A,Official figure,
QCL,Crops and livestock products,840,United States of America,5510,Production,1252,Green garlic,2010,2010,t,170190,A,Official figure,
QCL,Crops and livestock products,840,United States of America,5510,Production,1252,Green garlic,2011,2011,t,190690,A,Official figure,
QCL,Crops and livestock products,840,United States of America,5510,Production,1252,Green garlic,2012,2012,t,195910,A,Official figure,
QCL,Crops and livestock products,840,United States of America,5510,Production,1252,Green garlic,2013,2013,t,175400,A,Official figure,
QCL,Crops and livestock products,840,United States of America,5510,Production,1252,Green garlic,2014,2014,t,175450,A,Official figure,
QCL,Crops and livestock products,840,United States of America,5510,Production,1252,Green garlic,2015,2015,t,185460,A,Official figure,
QCL,Crops and livestock products,840,United States of America,5510,Production,1252,Green garlic,2016,2016,t,204780,A,Official figure,
QCL,Crops and livestock products,840,United States of America,5510,Production,1252,Green garlic,2017,2017,t,232010,A,Official figure,
QCL,Crops and livestock products,840,United States of America,5510,Production,1252,Green garlic,2018,2018,t,260340,A,Official figure,
QCL,Crops and livestock products,840,United States of America,5510,Production,1252,Green garlic,2019,2019,t,173658,A,Official figure,
QCL,Crops and livestock products,840,United States of America,5510,Production,1252,Green garlic,2020,2020,t,161252,A,Official figure,
QCL,Crops and livestock products,840,United States of America,5510,Production,1252,Green garlic,2021,2021,t,160481,A,Official figure,
QCL,Crops and livestock products,840,United States of America,5510,Production,1252,Green garlic,2022,2022,t,208063,A,Official figure,
QCL,Crops and livestock products,840,United States of America,5510,Production,1252,Green garlic,2023,2023,t,174951,A,Official figure,
QCL,Crops and livestock products,840,United States of America,5510,Production,1252,Green garlic,2024,2024,t,165743,A,Official figure,
QCL,Crops and livestock products,840,United States of America,5510,Production,142,"Groundnuts, excluding shelled",2000,2000,t,1481210,A,Official figure,
QCL,Crops and livestock products,840,United States of America,5510,Production,142,"Groundnuts, excluding shelled",2001,2001,t,1939880,A,Official figure,
QCL,Crops and livestock products,840,United States of America,5510,Production,142,"Groundnuts, excluding shelled",2002,2002,t,1506150,A,Official figure,
QCL,Crops and livestock products,840,United States of America,5510,Production,142,"Groundnuts, excluding shelled",2003,2003,t,1879750,A,Official figure,
QCL,Crops and livestock products,840,United States of America,5510,Production,142,"Groundnuts, excluding shelled",2004,2004,t,1945090,A,Official figure,
QCL,Crops and livestock products,840,United States of America,5510,Production,142,"Groundnuts, excluding shelled",2005,2005,t,2208930,A,Official figure,
QCL,Crops and livestock products,840,United States of America,5510,Production,142,"Groundnuts, excluding shelled",2006,2006,t,1575980,A,Official figure,
QCL,Crops and livestock products,840,United States of America,5510,Production,142,"Groundnuts, excluding shelled",2007,2007,t,1696728,A,Official figure,
QCL,Crops and livestock products,840,United States of America,5510,Production,142,"Groundnuts, excluding shelled",2008,2008,t,2341630,A,Official figure,
QCL,Crops and livestock products,840,United States of America,5510,Production,142,"Groundnuts, excluding shelled",2009,2009,t,1674500,A,Official figure,
QCL,Crops and livestock products,840,United States of America,5510,Production,142,"Groundnuts, excluding shelled",2010,2010,t,1885510,A,Official figure,
QCL,Crops and livestock products,840,United States of America,5510,Production,142,"Groundnuts, excluding shelled",2011,2011,t,1659510,A,Official figure,
QCL,Crops and livestock products,840,United States of America,5510,Production,142,"Groundnuts, excluding shelled",2012,2012,t,3063510,A,Official figure,
QCL,Crops and livestock products,840,United States of America,5510,Production,142,"Groundnuts, excluding shelled",2013,2013,t,1892920,A,Official figure,
QCL,Crops and livestock products,840,United States of America,5510,Production,142,"Groundnuts, excluding shelled",2014,2014,t,2353540,A,Official figure,
QCL,Crops and livestock products,840,United States of America,5510,Production,142,"Groundnuts, excluding shelled",2015,2015,t,2817080,A,Official figure,
QCL,Crops and livestock products,840,United States of America,5510,Production,142,"Groundnuts, excluding shelled",2016,2016,t,2531760,A,Official figure,
QCL,Crops and livestock products,840,United States of America,5510,Production,142,"Groundnuts, excluding shelled",2017,2017,t,3227500,A,Official figure,
QCL,Crops and livestock products,840,United States of America,5510,Production,142,"Groundnuts, excluding shelled",2018,2018,t,2492910,A,Official figure,
QCL,Crops and livestock products,840,United States of America,5510,Production,142,"Groundnuts, excluding shelled",2019,2019,t,2479560,A,Official figure,
QCL,Crops and livestock products,840,United States of America,5510,Production,142,"Groundnuts, excluding shelled",2020,2020,t,2793380,A,Official figure,
QCL,Crops and livestock products,840,United States of America,5510,Production,142,"Groundnuts, excluding shelled",2021,2021,t,2884480,A,Official figure,
QCL,Crops and livestock products,840,United States of America,5510,Production,142,"Groundnuts, excluding shelled",2022,2022,t,2513710,A,Official figure,
QCL,Crops and livestock products,840,United States of America,5510,Production,142,"Groundnuts, excluding shelled",2023,2023,t,2666020,A,Official figure,
QCL,Crops and livestock products,840,United States of America,5510,Production,142,"Groundnuts, excluding shelled",2024,2024,t,2924770,A,Official figure,
QCL,Crops and livestock products,840,United States of America,5510,Production,1374,"Hazelnuts, in shell",2000,2000,t,20410,A,Official figure,
QCL,Crops and livestock products,840,United States of America,5510,Production,1374,"Hazelnuts, in shell",2001,2001,t,44910,A,Official figure,
QCL,Crops and livestock products,840,United States of America,5510,Production,1374,"Hazelnuts, in shell",2002,2002,t,17690,A,Official figure,
QCL,Crops and livestock products,840,United States of America,5510,Production,1374,"Hazelnuts, in shell",2003,2003,t,34380,A,Official figure,
QCL,Crops and livestock products,840,United States of America,5510,Production,1374,"Hazelnuts, in shell",2004,2004,t,34019,A,Official figure,
QCL,Crops and livestock products,840,United States of America,5510,Production,1374,"Hazelnuts, in shell",2005,2005,t,25038,A,Official figure,
QCL,Crops and livestock products,840,United States of America,5510,Production,1374,"Hazelnuts, in shell",2006,2006,t,37195,A,Official figure,
QCL,Crops and livestock products,840,United States of America,5510,Production,1374,"Hazelnuts, in shell",2007,2007,t,33568,A,Official figure,
QCL,Crops and livestock products,840,United States of America,5510,Production,1374,"Hazelnuts, in shell",2008,2008,t,29030,A,Official figure,
QCL,Crops and livestock products,840,United States of America,5510,Production,1374,"Hazelnuts, in shell",2009,2009,t,42638,A,Official figure,
QCL,Crops and livestock products,840,United States of America,5510,Production,1374,"Hazelnuts, in shell",2010,2010,t,25401,A,Official figure,
QCL,Crops and livestock products,840,United States of America,5510,Production,1374,"Hazelnuts, in shell",2011,2011,t,34927,A,Official figure,
QCL,Crops and livestock products,840,United States of America,5510,Production,1374,"Hazelnuts, in shell",2012,2012,t,35500,A,Official figure,
QCL,Crops and livestock products,840,United States of America,5510,Production,1374,"Hazelnuts, in shell",2013,2013,t,40823,A,Official figure,
QCL,Crops and livestock products,840,United States of America,5510,Production,1374,"Hazelnuts, in shell",2014,2014,t,32659,A,Official figure,
QCL,Crops and livestock products,840,United States of America,5510,Production,1374,"Hazelnuts, in shell",2015,2015,t,28123,A,Official figure,
QCL,Crops and livestock products,840,United States of America,5510,Production,1374,"Hazelnuts, in shell",2016,2016,t,39916,A,Official figure,
QCL,Crops and livestock products,840,United States of America,5510,Production,1374,"Hazelnuts, in shell",2017,2017,t,29030,A,Official figure,
QCL,Crops and livestock products,840,United States of America,5510,Production,1374,"Hazelnuts, in shell",2018,2018,t,46270,A,Official figure,
QCL,Crops and livestock products,840,United States of America,5510,Production,1374,"Hazelnuts, in shell",2019,2019,t,40820,A,Official figure,
QCL,Crops and livestock products,840,United States of America,5510,Production,1374,"Hazelnuts, in shell",2020,2020,t,56060,A,Official figure,
QCL,Crops and livestock products,840,United States of America,5510,Production,1374,"Hazelnuts, in shell",2021,2021,t,70490,A,Official figure,
QCL,Crops and livestock products,840,United States of America,5510,Production,1374,"Hazelnuts, in shell",2022,2022,t,70310,A,Official figure,
QCL,Crops and livestock products,840,United States of America,5510,Production,1374,"Hazelnuts, in shell",2023,2023,t,85460,A,Official figure,
QCL,Crops and livestock products,840,United States of America,5510,Production,1374,"Hazelnuts, in shell",2024,2024,t,87820,A,Official figure,
QCL,Crops and livestock products,840,United States of America,5510,Production,01449.02,Hempseed,2021,2021,t,1983,A,Official figure,
QCL,Crops and livestock products,840,United States of America,5510,Production,01449.02,Hempseed,2022,2022,t,1102,A,Official figure,
QCL,Crops and livestock products,840,United States of America,5510,Production,01449.02,Hempseed,2023,2023,t,1409,A,Official figure,
QCL,Crops and livestock products,840,United States of America,5510,Production,01449.02,Hempseed,2024,2024,t,1549,A,Official figure,
QCL,Crops and livestock products,840,United States of America,5510,Production,1659,Hop cones,2000,2000,t,30652,A,Official figure,
QCL,Crops and livestock products,840,United States of America,5510,Production,1659,Hop cones,2001,2001,t,30315,A,Official figure,
QCL,Crops and livestock products,840,United States of America,5510,Production,1659,Hop cones,2002,2002,t,26461,A,Official figure,
QCL,Crops and livestock products,840,United States of America,5510,Production,1659,Hop cones,2003,2003,t,24750,A,Official figure,
QCL,Crops and livestock products,840,United States of America,5510,Production,1659,Hop cones,2004,2004,t,25040,A,Official figure,
QCL,Crops and livestock products,840,United States of America,5510,Production,1659,Hop cones,2005,2005,t,24002,A,Official figure,
QCL,Crops and livestock products,840,United States of America,5510,Production,1659,Hop cones,2006,2006,t,26159,A,Official figure,
QCL,Crops and livestock products,840,United States of America,5510,Production,1659,Hop cones,2007,2007,t,27330,A,Official figure,
QCL,Crops and livestock products,840,United States of America,5510,Production,1659,Hop cones,2008,2008,t,36573,A,Official figure,
QCL,Crops and livestock products,840,United States of America,5510,Production,1659,Hop cones,2009,2009,t,42945,A,Official figure,
QCL,Crops and livestock products,840,United States of America,5510,Production,1659,Hop cones,2010,2010,t,29707,A,Official figure,
QCL,Crops and livestock products,840,United States of America,5510,Production,1659,Hop cones,2011,2011,t,29384,A,Official figure,
QCL,Crops and livestock products,840,United States of America,5510,Production,1659,Hop cones,2012,2012,t,27780,A,Official figure,
QCL,Crops and livestock products,840,United States of America,5510,Production,1659,Hop cones,2013,2013,t,31410,A,Official figure,
QCL,Crops and livestock products,840,United States of America,5510,Production,1659,Hop cones,2014,2014,t,32203,A,Official figure,
QCL,Crops and livestock products,840,United States of America,5510,Production,1659,Hop cones,2015,2015,t,35764,A,Official figure,
QCL,Crops and livestock products,840,United States of America,5510,Production,1659,Hop cones,2016,2016,t,39526,A,Official figure,
QCL,Crops and livestock products,840,United States of America,5510,Production,1659,Hop cones,2017,2017,t,47910,A,Official figure,
QCL,Crops and livestock products,840,United States of America,5510,Production,1659,Hop cones,2018,2018,t,48490,A,Official figure,
QCL,Crops and livestock products,840,United States of America,5510,Production,1659,Hop cones,2019,2019,t,50820,A,Official figure,
QCL,Crops and livestock products,840,United States of America,5510,Production,1659,Hop cones,2020,2020,t,47090,A,Official figure,
QCL,Crops and livestock products,840,United States of America,5510,Production,1659,Hop cones,2021,2021,t,52450,A,Official figure,
QCL,Crops and livestock products,840,United States of America,5510,Production,1659,Hop cones,2022,2022,t,46200,A,Official figure,
QCL,Crops and livestock products,840,United States of America,5510,Production,1659,Hop cones,2023,2023,t,47190,A,Official figure,
QCL,Crops and livestock products,840,United States of America,5510,Production,1659,Hop cones,2024,2024,t,39500,A,Official figure,
QCL,Crops and livestock products,840,United States of America,5510,Production,1352,Kiwi fruit,2000,2000,t,30844,A,Official figure,
QCL,Crops and livestock products,840,United States of America,5510,Production,1352,Kiwi fruit,2001,2001,t,23406,A,Official figure,
QCL,Crops and livestock products,840,United States of America,5510,Production,1352,Kiwi fruit,2002,2002,t,23678,A,Official figure,
QCL,Crops and livestock products,840,United States of America,5510,Production,1352,Kiwi fruit,2003,2003,t,21772,A,Official figure,
QCL,Crops and livestock products,840,United States of America,5510,Production,1352,Kiwi fruit,2004,2004,t,24222,A,Official figure,
QCL,Crops and livestock products,840,United States of America,5510,Production,1352,Kiwi fruit,2005,2005,t,33747,A,Official figure,
QCL,Crops and livestock products,840,United States of America,5510,Production,1352,Kiwi fruit,2006,2006,t,21228,A,Official figure,
QCL,Crops and livestock products,840,United States of America,5510,Production,1352,Kiwi fruit,2007,2007,t,22226,A,Official figure,
QCL,Crops and livestock products,840,United States of America,5510,Production,1352,Kiwi fruit,2008,2008,t,20865,A,Official figure,
QCL,Crops and livestock products,840,United States of America,5510,Production,1352,Kiwi fruit,2009,2009,t,23224,A,Official figure,
QCL,Crops and livestock products,840,United States of America,5510,Production,1352,Kiwi fruit,2010,2010,t,29665,A,Official figure,
QCL,Crops and livestock products,840,United States of America,5510,Production,1352,Kiwi fruit,2011,2011,t,34201,A,Official figure,
QCL,Crops and livestock products,840,United States of America,5510,Production,1352,Kiwi fruit,2012,2012,t,29600,A,Official figure,
QCL,Crops and livestock products,840,United States of America,5510,Production,1352,Kiwi fruit,2013,2013,t,25038,A,Official figure,
QCL,Crops and livestock products,840,United States of America,5510,Production,1352,Kiwi fruit,2014,2014,t,25855,A,Official figure,
QCL,Crops and livestock products,840,United States of America,5510,Production,1352,Kiwi fruit,2015,2015,t,18960,A,Official figure,
QCL,Crops and livestock products,840,United States of America,5510,Production,1352,Kiwi fruit,2016,2016,t,25670,A,Official figure,
QCL,Crops and livestock products,840,United States of America,5510,Production,1352,Kiwi fruit,2017,2017,t,30480,A,Official figure,
QCL,Crops and livestock products,840,United States of America,5510,Production,1352,Kiwi fruit,2018,2018,t,34290,A,Official figure,
QCL,Crops and livestock products,840,United States of America,5510,Production,1352,Kiwi fruit,2019,2019,t,33930,A,Official figure,
QCL,Crops and livestock products,840,United States of America,5510,Production,1352,Kiwi fruit,2020,2020,t,36290,A,Official figure,
QCL,Crops and livestock products,840,United States of America,5510,Production,1352,Kiwi fruit,2021,2021,t,31930,A,Official figure,
QCL,Crops and livestock products,840,United States of America,5510,Production,1352,Kiwi fruit,2022,2022,t,32660,A,Official figure,
QCL,Crops and livestock products,840,United States of America,5510,Production,1352,Kiwi fruit,2023,2023,t,24950,A,Official figure,
QCL,Crops and livestock products,840,United States of America,5510,Production,1352,Kiwi fruit,2024,2024,t,32110,A,Official figure,
QCL,Crops and livestock products,840,United States of America,5510,Production,1322,Lemons and limes,2000,2000,t,762040,A,Official figure,
QCL,Crops and livestock products,840,United States of America,5510,Production,1322,Lemons and limes,2001,2001,t,913530,A,Official figure,
QCL,Crops and livestock products,840,United States of America,5510,Production,1322,Lemons and limes,2002,2002,t,733001,A,Official figure,
QCL,Crops and livestock products,840,United States of America,5510,Production,1322,Lemons and limes,2003,2003,t,930772,A,Official figure,
QCL,Crops and livestock products,840,United States of America,5510,Production,1322,Lemons and limes,2004,2004,t,723934,A,Official figure,
QCL,Crops and livestock products,840,United States of America,5510,Production,1322,Lemons and limes,2005,2005,t,789250,A,Official figure,
QCL,Crops and livestock products,840,United States of America,5510,Production,1322,Lemons and limes,2006,2006,t,854570,A,Official figure,
QCL,Crops and livestock products,840,United States of America,5510,Production,1322,Lemons and limes,2007,2007,t,723934,A,Official figure,
QCL,Crops and livestock products,840,United States of America,5510,Production,1322,Lemons and limes,2008,2008,t,561550,A,Official figure,
QCL,Crops and livestock products,840,United States of America,5510,Production,1322,Lemons and limes,2009,2009,t,827350,A,Official figure,
QCL,Crops and livestock products,840,United States of America,5510,Production,1322,Lemons and limes,2010,2010,t,800137,A,Official figure,
QCL,Crops and livestock products,840,United States of America,5510,Production,1322,Lemons and limes,2011,2011,t,834611,A,Official figure,
QCL,Crops and livestock products,840,United States of America,5510,Production,1322,Lemons and limes,2012,2012,t,912000,A,Official figure,
QCL,Crops and livestock products,840,United States of America,5510,Production,1322,Lemons and limes,2013,2013,t,827352,A,Official figure,
QCL,Crops and livestock products,840,United States of America,5510,Production,1322,Lemons and limes,2014,2014,t,747520,A,Official figure,
QCL,Crops and livestock products,840,United States of America,5510,Production,1322,Lemons and limes,2015,2015,t,820100,A,Official figure,
QCL,Crops and livestock products,840,United States of America,5510,Production,1322,Lemons and limes,2016,2016,t,820100,A,Official figure,
QCL,Crops and livestock products,840,United States of America,5510,Production,1322,Lemons and limes,2017,2017,t,800140,A,Official figure,
QCL,Crops and livestock products,840,United States of America,5510,Production,1322,Lemons and limes,2018,2018,t,805580,A,Official figure,
QCL,Crops and livestock products,840,United States of America,5510,Production,1322,Lemons and limes,2019,2019,t,909000,A,Official figure,
QCL,Crops and livestock products,840,United States of America,5510,Production,1322,Lemons and limes,2020,2020,t,983390,A,Official figure,
QCL,Crops and livestock products,840,United States of America,5510,Production,1322,Lemons and limes,2021,2021,t,803770,A,Official figure,
QCL,Crops and livestock products,840,United States of America,5510,Production,1322,Lemons and limes,2022,2022,t,959800,A,Official figure,
QCL,Crops and livestock products,840,United States of America,5510,Production,1322,Lemons and limes,2023,2023,t,987020,A,Official figure,
QCL,Crops and livestock products,840,United States of America,5510,Production,1322,Lemons and limes,2024,2024,t,927140,A,Official figure,
QCL,Crops and livestock products,840,United States of America,5510,Production,1704,"Lentils, dry",2000,2000,t,137393,A,Official figure,
QCL,Crops and livestock products,840,United States of America,5510,Production,1704,"Lentils, dry",2001,2001,t,131451,A,Official figure,
QCL,Crops and livestock products,840,United States of America,5510,Production,1704,"Lentils, dry",2002,2002,t,116619,A,Official figure,
QCL,Crops and livestock products,840,United States of America,5510,Production,1704,"Lentils, dry",2003,2003,t,110767,A,Official figure,
QCL,Crops and livestock products,840,United States of America,5510,Production,1704,"Lentils, dry",2004,2004,t,189692,A,Official figure,
QCL,Crops and livestock products,840,United States of America,5510,Production,1704,"Lentils, dry",2005,2005,t,238000,A,Official figure,
QCL,Crops and livestock products,840,United States of America,5510,Production,1704,"Lentils, dry",2006,2006,t,147145,A,Official figure,
QCL,Crops and livestock products,840,United States of America,5510,Production,1704,"Lentils, dry",2007,2007,t,165561,A,Official figure,
QCL,Crops and livestock products,840,United States of America,5510,Production,1704,"Lentils, dry",2008,2008,t,108545,A,Official figure,
QCL,Crops and livestock products,840,United States of America,5510,Production,1704,"Lentils, dry",2009,2009,t,265079,A,Official figure,
QCL,Crops and livestock products,840,United States of America,5510,Production,1704,"Lentils, dry",2010,2010,t,392675,A,Official figure,
QCL,Crops and livestock products,840,United States of America,5510,Production,1704,"Lentils, dry",2011,2011,t,214640,A,Official figure,
QCL,Crops and livestock products,840,United States of America,5510,Production,1704,"Lentils, dry",2012,2012,t,240490,A,Official figure,
QCL,Crops and livestock products,840,United States of America,5510,Production,1704,"Lentils, dry",2013,2013,t,227660,A,Official figure,
QCL,Crops and livestock products,840,United States of America,5510,Production,1704,"Lentils, dry",2014,2014,t,156310,A,Official figure,
QCL,Crops and livestock products,840,United States of America,5510,Production,1704,"Lentils, dry",2015,2015,t,239320,A,Official figure,
QCL,Crops and livestock products,840,United States of America,5510,Production,1704,"Lentils, dry",2016,2016,t,580330,A,Official figure,
QCL,Crops and livestock products,840,United States of America,5510,Production,1704,"Lentils, dry",2017,2017,t,339380,A,Official figure,
QCL,Crops and livestock products,840,United States of America,5510,Production,1704,"Lentils, dry",2018,2018,t,381380,A,Official figure,
QCL,Crops and livestock products,840,United States of America,5510,Production,1704,"Lentils, dry",2019,2019,t,244400,A,Official figure,
QCL,Crops and livestock products,840,United States of America,5510,Production,1704,"Lentils, dry",2020,2020,t,335570,A,Official figure,
QCL,Crops and livestock products,840,United States of America,5510,Production,1704,"Lentils, dry",2021,2021,t,157390,A,Official figure,
QCL,Crops and livestock products,840,United States of America,5510,Production,1704,"Lentils, dry",2022,2022,t,256280,A,Official figure,
QCL,Crops and livestock products,840,United States of America,5510,Production,1704,"Lentils, dry",2023,2023,t,258410,A,Official figure,
QCL,Crops and livestock products,840,United States of America,5510,Production,1704,"Lentils, dry",2024,2024,t,410460,A,Official figure,
QCL,Crops and livestock products,840,United States of America,5510,Production,1214,Lettuce and chicory,2000,2000,t,4386102,A,Official figure,
QCL,Crops and livestock products,840,United States of America,5510,Production,1214,Lettuce and chicory,2001,2001,t,4326273,A,Official figure,
QCL,Crops and livestock products,840,United States of America,5510,Production,1214,Lettuce and chicory,2002,2002,t,4541095,A,Official figure,
QCL,Crops and livestock products,840,United States of America,5510,Production,1214,Lettuce and chicory,2003,2003,t,4704524,A,Official figure,
QCL,Crops and livestock products,840,United States of America,5510,Production,1214,Lettuce and chicory,2004,2004,t,4805403,A,Official figure,
QCL,Crops and livestock products,840,United States of America,5510,Production,1214,Lettuce and chicory,2005,2005,t,4455456,A,Official figure,
QCL,Crops and livestock products,840,United States of America,5510,Production,1214,Lettuce and chicory,2006,2006,t,4640749,A,Official figure,
QCL,Crops and livestock products,840,United States of America,5510,Production,1214,Lettuce and chicory,2007,2007,t,4360066,A,Official figure,
QCL,Crops and livestock products,840,United States of America,5510,Production,1214,Lettuce and chicory,2008,2008,t,4014590,A,Official figure,
QCL,Crops and livestock products,840,United States of America,5510,Production,1214,Lettuce and chicory,2009,2009,t,3827390,A,Official figure,
QCL,Crops and livestock products,840,United States of America,5510,Production,1214,Lettuce and chicory,2010,2010,t,4105580,A,Official figure,
QCL,Crops and livestock products,840,United States of America,5510,Production,1214,Lettuce and chicory,2011,2011,t,4070815,A,Official figure,
QCL,Crops and livestock products,840,United States of America,5510,Production,1214,Lettuce and chicory,2012,2012,t,4175610,A,Official figure,
QCL,Crops and livestock products,840,United States of America,5510,Production,1214,Lettuce and chicory,2013,2013,t,3829210,A,Official figure,
QCL,Crops and livestock products,840,United States of America,5510,Production,1214,Lettuce and chicory,2014,2014,t,3791140,A,Official figure,
QCL,Crops and livestock products,840,United States of America,5510,Production,1214,Lettuce and chicory,2015,2015,t,3795480,A,Official figure,
QCL,Crops and livestock products,840,United States of America,5510,Production,1214,Lettuce and chicory,2016,2016,t,4682031,A,Official figure,
QCL,Crops and livestock products,840,United States of America,5510,Production,1214,Lettuce and chicory,2017,2017,t,4507730,A,Official figure,
QCL,Crops and livestock products,840,United States of America,5510,Production,1214,Lettuce and chicory,2018,2018,t,3652420,A,Official figure,
QCL,Crops and livestock products,840,United States of America,5510,Production,1214,Lettuce and chicory,2019,2019,t,3714083,A,Official figure,
QCL,Crops and livestock products,840,United States of America,5510,Production,1214,Lettuce and chicory,2020,2020,t,3827618,A,Official figure,
QCL,Crops and livestock products,840,United States of America,5510,Production,1214,Lettuce and chicory,2021,2021,t,4470653,A,Official figure,
QCL,Crops and livestock products,840,United States of America,5510,Production,1214,Lettuce and chicory,2022,2022,t,4450627,A,Official figure,
QCL,Crops and livestock products,840,United States of America,5510,Production,1214,Lettuce and chicory,2023,2023,t,4666583,A,Official figure,
QCL,Crops and livestock products,840,United States of America,5510,Production,1214,Lettuce and chicory,2024,2024,t,4398759,A,Official figure,
QCL,Crops and livestock products,840,United States of America,5510,Production,1441,Linseed,2000,2000,t,272550,A,Official figure,
QCL,Crops and livestock products,840,United States of America,5510,Production,1441,Linseed,2001,2001,t,290970,A,Official figure,
QCL,Crops and livestock products,840,United States of America,5510,Production,1441,Linseed,2002,2002,t,301330,A,Official figure,
QCL,Crops and livestock products,840,United States of America,5510,Production,1441,Linseed,2003,2003,t,267120,A,Official figure,
QCL,Crops and livestock products,840,United States of America,5510,Production,1441,Linseed,2004,2004,t,263360,A,Official figure,
QCL,Crops and livestock products,840,United States of America,5510,Production,1441,Linseed,2005,2005,t,500280,A,Official figure,
QCL,Crops and livestock products,840,United States of America,5510,Production,1441,Linseed,2006,2006,t,279900,A,Official figure,
QCL,Crops and livestock products,840,United States of America,5510,Production,1441,Linseed,2007,2007,t,149770,A,Official figure,
QCL,Crops and livestock products,840,United States of America,5510,Production,1441,Linseed,2008,2008,t,145190,A,Official figure,
QCL,Crops and livestock products,840,United States of America,5510,Production,1441,Linseed,2009,2009,t,188550,A,Official figure,
QCL,Crops and livestock products,840,United States of America,5510,Production,1441,Linseed,2010,2010,t,230030,A,Official figure,
QCL,Crops and livestock products,840,United States of America,5510,Production,1441,Linseed,2011,2011,t,141783,A,Official figure,
QCL,Crops and livestock products,840,United States of America,5510,Production,1441,Linseed,2012,2012,t,147280,A,Official figure,
QCL,Crops and livestock products,840,United States of America,5510,Production,1441,Linseed,2013,2013,t,85250,A,Official figure,
QCL,Crops and livestock products,840,United States of America,5510,Production,1441,Linseed,2014,2014,t,161750,A,Official figure,
QCL,Crops and livestock products,840,United States of America,5510,Production,1441,Linseed,2015,2015,t,256420,A,Official figure,
QCL,Crops and livestock products,840,United States of America,5510,Production,1441,Linseed,2016,2016,t,235580,A,Official figure,
QCL,Crops and livestock products,840,United States of America,5510,Production,1441,Linseed,2017,2017,t,97590,A,Official figure,
QCL,Crops and livestock products,840,United States of America,5510,Production,1441,Linseed,2018,2018,t,113440,A,Official figure,
QCL,Crops and livestock products,840,United States of America,5510,Production,1441,Linseed,2019,2019,t,142880,A,Official figure,
QCL,Crops and livestock products,840,United States of America,5510,Production,1441,Linseed,2020,2020,t,144940,A,Official figure,
QCL,Crops and livestock products,840,United States of America,5510,Production,1441,Linseed,2021,2021,t,70310,A,Official figure,
QCL,Crops and livestock products,840,United States of America,5510,Production,1441,Linseed,2022,2022,t,108770,A,Official figure,
QCL,Crops and livestock products,840,United States of America,5510,Production,1441,Linseed,2023,2023,t,75210,A,Official figure,
QCL,Crops and livestock products,840,United States of America,5510,Production,1441,Linseed,2024,2024,t,61470,A,Official figure,
QCL,Crops and livestock products,840,United States of America,5510,Production,112,Maize (corn),2000,2000,t,251853900,A,Official figure,
QCL,Crops and livestock products,840,United States of America,5510,Production,112,Maize (corn),2001,2001,t,241376650,A,Official figure,
QCL,Crops and livestock products,840,United States of America,5510,Production,112,Maize (corn),2002,2002,t,227766880,A,Official figure,
QCL,Crops and livestock products,840,United States of America,5510,Production,112,Maize (corn),2003,2003,t,256229020,A,Official figure,
QCL,Crops and livestock products,840,United States of America,5510,Production,112,Maize (corn),2004,2004,t,299875570,A,Official figure,
QCL,Crops and livestock products,840,United States of America,5510,Production,112,Maize (corn),2005,2005,t,282262550,A,Official figure,
QCL,Crops and livestock products,840,United States of America,5510,Production,112,Maize (corn),2006,2006,t,267502850,A,Official figure,
QCL,Crops and livestock products,840,United States of America,5510,Production,112,Maize (corn),2007,2007,t,331177280,A,Official figure,
QCL,Crops and livestock products,840,United States of America,5510,Production,112,Maize (corn),2008,2008,t,305911450,A,Official figure,
QCL,Crops and livestock products,840,United States of America,5510,Production,112,Maize (corn),2009,2009,t,331921050,A,Official figure,
QCL,Crops and livestock products,840,United States of America,5510,Production,112,Maize (corn),2010,2010,t,315617920,A,Official figure,
QCL,Crops and livestock products,840,United States of America,5510,Production,112,Maize (corn),2011,2011,t,312788890,A,Official figure,
QCL,Crops and livestock products,840,United States of America,5510,Production,112,Maize (corn),2012,2012,t,273192400,A,Official figure,
QCL,Crops and livestock products,840,United States of America,5510,Production,112,Maize (corn),2013,2013,t,351271870,A,Official figure,
QCL,Crops and livestock products,840,United States of America,5510,Production,112,Maize (corn),2014,2014,t,361091140,A,Official figure,
QCL,Crops and livestock products,840,United States of America,5510,Production,112,Maize (corn),2015,2015,t,345486340,A,Official figure,
QCL,Crops and livestock products,840,United States of America,5510,Production,112,Maize (corn),2016,2016,t,412262180,A,Official figure,
QCL,Crops and livestock products,840,United States of America,5510,Production,112,Maize (corn),2017,2017,t,371096030,A,Official figure,
QCL,Crops and livestock products,840,United States of America,5510,Production,112,Maize (corn),2018,2018,t,364262150,A,Official figure,
QCL,Crops and livestock products,840,United States of America,5510,Production,112,Maize (corn),2019,2019,t,345962110,A,Official figure,
QCL,Crops and livestock products,840,United States of America,5510,Production,112,Maize (corn),2020,2020,t,358447310,A,Official figure,
QCL,Crops and livestock products,840,United States of America,5510,Production,112,Maize (corn),2021,2021,t,381469380,A,Official figure,
QCL,Crops and livestock products,840,United States of America,5510,Production,112,Maize (corn),2022,2022,t,346739460,A,Official figure,
QCL,Crops and livestock products,840,United States of America,5510,Production,112,Maize (corn),2023,2023,t,389694460,A,Official figure,
QCL,Crops and livestock products,840,United States of America,5510,Production,112,Maize (corn),2024,2024,t,377632690,A,Official figure,
QCL,Crops and livestock products,840,United States of America,5510,Production,1316,"Mangoes, guavas and mangosteens",2000,2000,t,3000,E,Estimated value,
QCL,Crops and livestock products,840,United States of America,5510,Production,1316,"Mangoes, guavas and mangosteens",2001,2001,t,3157.69,I,Value imputed by a receiving agency,
QCL,Crops and livestock products,840,United States of America,5510,Production,1316,"Mangoes, guavas and mangosteens",2002,2002,t,2300,E,Estimated value,
QCL,Crops and livestock products,840,United States of America,5510,Production,1316,"Mangoes, guavas and mangosteens",2003,2003,t,2600,E,Estimated value,
QCL,Crops and livestock products,840,United States of America,5510,Production,1316,"Mangoes, guavas and mangosteens",2004,2004,t,2800,E,Estimated value,
QCL,Crops and livestock products,840,United States of America,5510,Production,1316,"Mangoes, guavas and mangosteens",2005,2005,t,2850,E,Estimated value,
QCL,Crops and livestock products,840,United States of America,5510,Production,1316,"Mangoes, guavas and mangosteens",2006,2006,t,2800,X,Figure from external organization,Unofficial figure
QCL,Crops and livestock products,840,United States of America,5510,Production,1316,"Mangoes, guavas and mangosteens",2007,2007,t,2200,A,Official figure,
QCL,Crops and livestock products,840,United States of America,5510,Production,1316,"Mangoes, guavas and mangosteens",2008,2008,t,1800,A,Official figure,
QCL,Crops and livestock products,840,United States of America,5510,Production,1316,"Mangoes, guavas and mangosteens",2009,2009,t,953,A,Official figure,
QCL,Crops and livestock products,840,United States of America,5510,Production,1316,"Mangoes, guavas and mangosteens",2010,2010,t,590,A,Official figure,
QCL,Crops and livestock products,840,United States of America,5510,Production,1316,"Mangoes, guavas and mangosteens",2011,2011,t,862,A,Official figure,
QCL,Crops and livestock products,840,United States of America,5510,Production,1316,"Mangoes, guavas and mangosteens",2012,2012,t,1077.07,I,Value imputed by a receiving agency,
QCL,Crops and livestock products,840,United States of America,5510,Production,1316,"Mangoes, guavas and mangosteens",2013,2013,t,998,A,Official figure,
QCL,Crops and livestock products,840,United States of America,5510,Production,1316,"Mangoes, guavas and mangosteens",2014,2014,t,816,A,Official figure,
QCL,Crops and livestock products,840,United States of America,5510,Production,1316,"Mangoes, guavas and mangosteens",2015,2015,t,1114.12,I,Value imputed by a receiving agency,
QCL,Crops and livestock products,840,United States of America,5510,Production,1316,"Mangoes, guavas and mangosteens",2016,2016,t,1234.67,I,Value imputed by a receiving agency,
QCL,Crops and livestock products,840,United States of America,5510,Production,1316,"Mangoes, guavas and mangosteens",2017,2017,t,1431,A,Official figure,
QCL,Crops and livestock products,840,United States of America,5510,Production,1316,"Mangoes, guavas and mangosteens",2018,2018,t,1450.87,I,Value imputed by a receiving agency,
QCL,Crops and livestock products,840,United States of America,5510,Production,1316,"Mangoes, guavas and mangosteens",2019,2019,t,1416.52,I,Value imputed by a receiving agency,
QCL,Crops and livestock products,840,United States of America,5510,Production,1316,"Mangoes, guavas and mangosteens",2020,2020,t,1261.5,I,Value imputed by a receiving agency,
QCL,Crops and livestock products,840,United States of America,5510,Production,1316,"Mangoes, guavas and mangosteens",2021,2021,t,1267.33,I,Value imputed by a receiving agency,
QCL,Crops and livestock products,840,United States of America,5510,Production,1316,"Mangoes, guavas and mangosteens",2022,2022,t,1265.38,I,Value imputed by a receiving agency,
QCL,Crops and livestock products,840,United States of America,5510,Production,1316,"Mangoes, guavas and mangosteens",2023,2023,t,1500,E,Estimated value,
QCL,Crops and livestock products,840,United States of America,5510,Production,1316,"Mangoes, guavas and mangosteens",2024,2024,t,1180.15,I,Value imputed by a receiving agency,
QCL,Crops and livestock products,840,United States of America,5510,Production,118,Millet,2000,2000,t,166010,A,Official figure,
QCL,Crops and livestock products,840,United States of America,5510,Production,118,Millet,2001,2001,t,440100,A,Official figure,
QCL,Crops and livestock products,840,United States of America,5510,Production,118,Millet,2002,2002,t,83190,A,Official figure,
QCL,Crops and livestock products,840,United States of America,5510,Production,118,Millet,2003,2003,t,259680,A,Official figure,
QCL,Crops and livestock products,840,United States of America,5510,Production,118,Millet,2004,2004,t,341670,A,Official figure,
QCL,Crops and livestock products,840,United States of America,5510,Production,118,Millet,2005,2005,t,310030,A,Official figure,
QCL,Crops and livestock products,840,United States of America,5510,Production,118,Millet,2006,2006,t,231220,A,Official figure,
QCL,Crops and livestock products,840,United States of America,5510,Production,118,Millet,2007,2007,t,383290,A,Official figure,
QCL,Crops and livestock products,840,United States of America,5510,Production,118,Millet,2008,2008,t,337470,A,Official figure,
QCL,Crops and livestock products,840,United States of America,5510,Production,118,Millet,2009,2009,t,201280,A,Official figure,
QCL,Crops and livestock products,840,United States of America,5510,Production,118,Millet,2010,2010,t,261610,A,Official figure,
QCL,Crops and livestock products,840,United States of America,5510,Production,118,Millet,2011,2011,t,207500,A,Official figure,
QCL,Crops and livestock products,840,United States of America,5510,Production,118,Millet,2012,2012,t,69740,A,Official figure,
QCL,Crops and livestock products,840,United States of America,5510,Production,118,Millet,2013,2013,t,418120,A,Official figure,
QCL,Crops and livestock products,840,United States of America,5510,Production,118,Millet,2014,2014,t,305790,A,Official figure,
QCL,Crops and livestock products,840,United States of America,5510,Production,118,Millet,2015,2015,t,321120,A,Official figure,
QCL,Crops and livestock products,840,United States of America,5510,Production,118,Millet,2016,2016,t,341770,A,Official figure,
QCL,Crops and livestock products,840,United States of America,5510,Production,118,Millet,2017,2017,t,337680,A,Official figure,
QCL,Crops and livestock products,840,United States of America,5510,Production,118,Millet,2018,2018,t,262970,A,Official figure,
QCL,Crops and livestock products,840,United States of America,5510,Production,118,Millet,2019,2019,t,376660,A,Official figure,
QCL,Crops and livestock products,840,United States of America,5510,Production,118,Millet,2020,2020,t,217110,A,Official figure,
QCL,Crops and livestock products,840,United States of America,5510,Production,118,Millet,2021,2021,t,348860,A,Official figure,
QCL,Crops and livestock products,840,United States of America,5510,Production,118,Millet,2022,2022,t,207700,A,Official figure,
QCL,Crops and livestock products,840,United States of America,5510,Production,118,Millet,2023,2023,t,443890,A,Official figure,
QCL,Crops and livestock products,840,United States of America,5510,Production,118,Millet,2024,2024,t,318900,A,Official figure,
QCL,Crops and livestock products,840,United States of America,5510,Production,1270,Mushrooms and truffles,2000,2000,t,383830,A,Official figure,
QCL,Crops and livestock products,840,United States of America,5510,Production,1270,Mushrooms and truffles,2001,2001,t,376980,A,Official figure,
QCL,Crops and livestock products,840,United States of America,5510,Production,1270,Mushrooms and truffles,2002,2002,t,377080,A,Official figure,
QCL,Crops and livestock products,840,United States of America,5510,Production,1270,Mushrooms and truffles,2003,2003,t,387601,A,Official figure,
QCL,Crops and livestock products,840,United States of America,5510,Production,1270,Mushrooms and truffles,2004,2004,t,387601,A,Official figure,
QCL,Crops and livestock products,840,United States of America,5510,Production,1270,Mushrooms and truffles,2005,2005,t,386984,A,Official figure,
QCL,Crops and livestock products,840,United States of America,5510,Production,1270,Mushrooms and truffles,2006,2006,t,382541,A,Official figure,
QCL,Crops and livestock products,840,United States of America,5510,Production,1270,Mushrooms and truffles,2007,2007,t,359630,A,Official figure,
QCL,Crops and livestock products,840,United States of America,5510,Production,1270,Mushrooms and truffles,2008,2008,t,368591,A,Official figure,
QCL,Crops and livestock products,840,United States of America,5510,Production,1270,Mushrooms and truffles,2009,2009,t,371844,A,Official figure,
QCL,Crops and livestock products,840,United States of America,5510,Production,1270,Mushrooms and truffles,2010,2010,t,359469,A,Official figure,
QCL,Crops and livestock products,840,United States of America,5510,Production,1270,Mushrooms and truffles,2011,2011,t,390902,A,Official figure,
QCL,Crops and livestock products,840,United States of America,5510,Production,1270,Mushrooms and truffles,2012,2012,t,402904,A,Official figure,
QCL,Crops and livestock products,840,United States of America,5510,Production,1270,Mushrooms and truffles,2013,2013,t,408157,A,Official figure,
QCL,Crops and livestock products,840,United States of America,5510,Production,1270,Mushrooms and truffles,2014,2014,t,432100,A,Official figure,
QCL,Crops and livestock products,840,United States of America,5510,Production,1270,Mushrooms and truffles,2015,2015,t,420853,A,Official figure,
QCL,Crops and livestock products,840,United States of America,5510,Production,1270,Mushrooms and truffles,2016,2016,t,427925,A,Official figure,
QCL,Crops and livestock products,840,United States of America,5510,Production,1270,Mushrooms and truffles,2017,2017,t,423360,A,Official figure,
QCL,Crops and livestock products,840,United States of America,5510,Production,1270,Mushrooms and truffles,2018,2018,t,416050,A,Official figure,
QCL,Crops and livestock products,840,United States of America,5510,Production,1270,Mushrooms and truffles,2019,2019,t,383960,A,Official figure,
QCL,Crops and livestock products,840,United States of America,5510,Production,1270,Mushrooms and truffles,2020,2020,t,370300,A,Official figure,
QCL,Crops and livestock products,840,United States of America,5510,Production,1270,Mushrooms and truffles,2021,2021,t,343820,A,Official figure,
QCL,Crops and livestock products,840,United States of America,5510,Production,1270,Mushrooms and truffles,2022,2022,t,318600,A,Official figure,
QCL,Crops and livestock products,840,United States of America,5510,Production,1270,Mushrooms and truffles,2023,2023,t,328680,A,Official figure,
QCL,Crops and livestock products,840,United States of America,5510,Production,1270,Mushrooms and truffles,2024,2024,t,298800,A,Official figure,
QCL,Crops and livestock products,840,United States of America,5510,Production,1442,Mustard seed,2000,2000,t,16751,A,Official figure,
QCL,Crops and livestock products,840,United States of America,5510,Production,1442,Mustard seed,2001,2001,t,18645,A,Official figure,
QCL,Crops and livestock products,840,United States of America,5510,Production,1442,Mustard seed,2002,2002,t,51977,A,Official figure,
QCL,Crops and livestock products,840,United States of America,5510,Production,1442,Mustard seed,2003,2003,t,35095,A,Official figure,
QCL,Crops and livestock products,840,United States of America,5510,Production,1442,Mustard seed,2004,2004,t,25533,A,Official figure,
QCL,Crops and livestock products,840,United States of America,5510,Production,1442,Mustard seed,2005,2005,t,15927,A,Official figure,
QCL,Crops and livestock products,840,United States of America,5510,Production,1442,Mustard seed,2006,2006,t,12800,A,Official figure,
QCL,Crops and livestock products,840,United States of America,5510,Production,1442,Mustard seed,2007,2007,t,15726,A,Official figure,
QCL,Crops and livestock products,840,United States of America,5510,Production,1442,Mustard seed,2008,2008,t,18713,A,Official figure,
QCL,Crops and livestock products,840,United States of America,5510,Production,1442,Mustard seed,2009,2009,t,22390,A,Official figure,
QCL,Crops and livestock products,840,United States of America,5510,Production,1442,Mustard seed,2010,2010,t,18990,A,Official figure,
QCL,Crops and livestock products,840,United States of America,5510,Production,1442,Mustard seed,2011,2011,t,7100,A,Official figure,
QCL,Crops and livestock products,840,United States of America,5510,Production,1442,Mustard seed,2012,2012,t,14160,A,Official figure,
QCL,Crops and livestock products,840,United States of America,5510,Production,1442,Mustard seed,2013,2013,t,16660,A,Official figure,
QCL,Crops and livestock products,840,United States of America,5510,Production,1442,Mustard seed,2014,2014,t,13160,A,Official figure,
QCL,Crops and livestock products,840,United States of America,5510,Production,1442,Mustard seed,2015,2015,t,12210,A,Official figure,
QCL,Crops and livestock products,840,United States of America,5510,Production,1442,Mustard seed,2016,2016,t,43670,A,Official figure,
QCL,Crops and livestock products,840,United States of America,5510,Production,1442,Mustard seed,2017,2017,t,26680,A,Official figure,
QCL,Crops and livestock products,840,United States of America,5510,Production,1442,Mustard seed,2018,2018,t,33250,A,Official figure,
QCL,Crops and livestock products,840,United States of America,5510,Production,1442,Mustard seed,2019,2019,t,28840,A,Official figure,
QCL,Crops and livestock products,840,United States of America,5510,Production,1442,Mustard seed,2020,2020,t,37090,A,Official figure,
QCL,Crops and livestock products,840,United States of America,5510,Production,1442,Mustard seed,2021,2021,t,19030,A,Official figure,
QCL,Crops and livestock products,840,United States of America,5510,Production,1442,Mustard seed,2022,2022,t,44130,A,Official figure,
QCL,Crops and livestock products,840,United States of America,5510,Production,1442,Mustard seed,2023,2023,t,67120,A,Official figure,
QCL,Crops and livestock products,840,United States of America,5510,Production,1442,Mustard seed,2024,2024,t,46270,A,Official figure,
QCL,Crops and livestock products,840,United States of America,5510,Production,117,Oats,2000,2000,t,2165120,A,Official figure,
QCL,Crops and livestock products,840,United States of America,5510,Production,117,Oats,2001,2001,t,1706990,A,Official figure,
QCL,Crops and livestock products,840,United States of America,5510,Production,117,Oats,2002,2002,t,1683760,A,Official figure,
QCL,Crops and livestock products,840,United States of America,5510,Production,117,Oats,2003,2003,t,2095710,A,Official figure,
QCL,Crops and livestock products,840,United States of America,5510,Production,117,Oats,2004,2004,t,1679310,A,Official figure,
QCL,Crops and livestock products,840,United States of America,5510,Production,117,Oats,2005,2005,t,1667170,A,Official figure,
QCL,Crops and livestock products,840,United States of America,5510,Production,117,Oats,2006,2006,t,1357470,A,Official figure,
QCL,Crops and livestock products,840,United States of America,5510,Production,117,Oats,2007,2007,t,1312590,A,Official figure,
QCL,Crops and livestock products,840,United States of America,5510,Production,117,Oats,2008,2008,t,1307090,A,Official figure,
QCL,Crops and livestock products,840,United States of America,5510,Production,117,Oats,2009,2009,t,1321490,A,Official figure,
QCL,Crops and livestock products,840,United States of America,5510,Production,117,Oats,2010,2010,t,1188140,A,Official figure,
QCL,Crops and livestock products,840,United States of America,5510,Production,117,Oats,2011,2011,t,727580,A,Official figure,
QCL,Crops and livestock products,840,United States of America,5510,Production,117,Oats,2012,2012,t,892470,A,Official figure,
QCL,Crops and livestock products,840,United States of America,5510,Production,117,Oats,2013,2013,t,938280,A,Official figure,
QCL,Crops and livestock products,840,United States of America,5510,Production,117,Oats,2014,2014,t,1019410,A,Official figure,
QCL,Crops and livestock products,840,United States of America,5510,Production,117,Oats,2015,2015,t,1299600,A,Official figure,
QCL,Crops and livestock products,840,United States of America,5510,Production,117,Oats,2016,2016,t,938070,A,Official figure,
QCL,Crops and livestock products,840,United States of America,5510,Production,117,Oats,2017,2017,t,719720,A,Official figure,
QCL,Crops and livestock products,840,United States of America,5510,Production,117,Oats,2018,2018,t,814720,A,Official figure,
QCL,Crops and livestock products,840,United States of America,5510,Production,117,Oats,2019,2019,t,773040,A,Official figure,
QCL,Crops and livestock products,840,United States of America,5510,Production,117,Oats,2020,2020,t,953550,A,Official figure,
QCL,Crops and livestock products,840,United States of America,5510,Production,117,Oats,2021,2021,t,578220,A,Official figure,
QCL,Crops and livestock products,840,United States of America,5510,Production,117,Oats,2022,2022,t,837060,A,Official figure,
QCL,Crops and livestock products,840,United States of America,5510,Production,117,Oats,2023,2023,t,828010,A,Official figure,
QCL,Crops and livestock products,840,United States of America,5510,Production,117,Oats,2024,2024,t,984010,A,Official figure,
QCL,Crops and livestock products,840,United States of America,5510,Production,01239.01,Okra,2000,2000,t,8940,A,Official figure,
QCL,Crops and livestock products,840,United States of America,5510,Production,01239.01,Okra,2001,2001,t,8210,A,Official figure,
QCL,Crops and livestock products,840,United States of America,5510,Production,01239.01,Okra,2002,2002,t,8000,E,Estimated value,
QCL,Crops and livestock products,840,United States of America,5510,Production,01239.01,Okra,2003,2003,t,9242,A,Official figure,
QCL,Crops and livestock products,840,United States of America,5510,Production,01239.01,Okra,2004,2004,t,9878,A,Official figure,
QCL,Crops and livestock products,840,United States of America,5510,Production,01239.01,Okra,2005,2005,t,9487,A,Official figure,
QCL,Crops and livestock products,840,United States of America,5510,Production,01239.01,Okra,2006,2006,t,9500,E,Estimated value,
QCL,Crops and livestock products,840,United States of America,5510,Production,01239.01,Okra,2007,2007,t,10000,E,Estimated value,
QCL,Crops and livestock products,840,United States of America,5510,Production,01239.01,Okra,2008,2008,t,9871.88,I,Value imputed by a receiving agency,
QCL,Crops and livestock products,840,United States of America,5510,Production,01239.01,Okra,2009,2009,t,9632.49,I,Value imputed by a receiving agency,
QCL,Crops and livestock products,840,United States of America,5510,Production,01239.01,Okra,2010,2010,t,9710.83,I,Value imputed by a receiving agency,
QCL,Crops and livestock products,840,United States of America,5510,Production,01239.01,Okra,2011,2011,t,9790.13,I,Value imputed by a receiving agency,
QCL,Crops and livestock products,840,United States of America,5510,Production,01239.01,Okra,2012,2012,t,9869.44,I,Value imputed by a receiving agency,
QCL,Crops and livestock products,840,United States of America,5510,Production,01239.01,Okra,2013,2013,t,9948.74,I,Value imputed by a receiving agency,
QCL,Crops and livestock products,840,United States of America,5510,Production,01239.01,Okra,2014,2014,t,10009.82,I,Value imputed by a receiving agency,
QCL,Crops and livestock products,840,United States of America,5510,Production,01239.01,Okra,2015,2015,t,10060.75,I,Value imputed by a receiving agency,
QCL,Crops and livestock products,840,United States of America,5510,Production,01239.01,Okra,2016,2016,t,10105.93,I,Value imputed by a receiving agency,
QCL,Crops and livestock products,840,United States of America,5510,Production,01239.01,Okra,2017,2017,t,10127.47,I,Value imputed by a receiving agency,
QCL,Crops and livestock products,840,United States of America,5510,Production,01239.01,Okra,2018,2018,t,10149.89,I,Value imputed by a receiving agency,
QCL,Crops and livestock products,840,United States of America,5510,Production,01239.01,Okra,2019,2019,t,10165.4,I,Value imputed by a receiving agency,
QCL,Crops and livestock products,840,United States of America,5510,Production,01239.01,Okra,2020,2020,t,10158.79,I,Value imputed by a receiving agency,
QCL,Crops and livestock products,840,United States of America,5510,Production,01239.01,Okra,2021,2021,t,10353.3,I,Value imputed by a receiving agency,
QCL,Crops and livestock products,840,United States of America,5510,Production,01239.01,Okra,2022,2022,t,10382.02,I,Value imputed by a receiving agency,
QCL,Crops and livestock products,840,United States of America,5510,Production,01239.01,Okra,2023,2023,t,10429.57,I,Value imputed by a receiving agency,
QCL,Crops and livestock products,840,United States of America,5510,Production,01239.01,Okra,2024,2024,t,10477.11,I,Value imputed by a receiving agency,
QCL,Crops and livestock products,840,United States of America,5510,Production,1450,Olives,2000,2000,t,72570,A,Official figure,
QCL,Crops and livestock products,840,United States of America,5510,Production,1450,Olives,2001,2001,t,121560,A,Official figure,
QCL,Crops and livestock products,840,United States of America,5510,Production,1450,Olives,2002,2002,t,93440,A,Official figure,
QCL,Crops and livestock products,840,United States of America,5510,Production,1450,Olives,2003,2003,t,107050,A,Official figure,
QCL,Crops and livestock products,840,United States of America,5510,Production,1450,Olives,2004,2004,t,97522,A,Official figure,
QCL,Crops and livestock products,840,United States of America,5510,Production,1450,Olives,2005,2005,t,128820,A,Official figure,
QCL,Crops and livestock products,840,United States of America,5510,Production,1450,Olives,2006,2006,t,45360,A,Official figure,
QCL,Crops and livestock products,840,United States of America,5510,Production,1450,Olives,2007,2007,t,120200,A,Official figure,
QCL,Crops and livestock products,840,United States of America,5510,Production,1450,Olives,2008,2008,t,60600,A,Official figure,
QCL,Crops and livestock products,840,United States of America,5510,Production,1450,Olives,2009,2009,t,42003,A,Official figure,
QCL,Crops and livestock products,840,United States of America,5510,Production,1450,Olives,2010,2010,t,186880,A,Official figure,
QCL,Crops and livestock products,840,United States of America,5510,Production,1450,Olives,2011,2011,t,64592,A,Official figure,
QCL,Crops and livestock products,840,United States of America,5510,Production,1450,Olives,2012,2012,t,145150,A,Official figure,
QCL,Crops and livestock products,840,United States of America,5510,Production,1450,Olives,2013,2013,t,150593,A,Official figure,
QCL,Crops and livestock products,840,United States of America,5510,Production,1450,Olives,2014,2014,t,86183,A,Official figure,
QCL,Crops and livestock products,840,United States of America,5510,Production,1450,Olives,2015,2015,t,162390,A,Official figure,
QCL,Crops and livestock products,840,United States of America,5510,Production,1450,Olives,2016,2016,t,149590,A,Official figure,
QCL,Crops and livestock products,840,United States of America,5510,Production,1450,Olives,2017,2017,t,174450,A,Official figure,
QCL,Crops and livestock products,840,United States of America,5510,Production,1450,Olives,2018,2018,t,48630,A,Official figure,
QCL,Crops and livestock products,840,United States of America,5510,Production,1450,Olives,2019,2019,t,151950,A,Official figure,
QCL,Crops and livestock products,840,United States of America,5510,Production,1450,Olives,2020,2020,t,61420,A,Official figure,
QCL,Crops and livestock products,840,United States of America,5510,Production,1450,Olives,2021,2021,t,104330,A,Official figure,
QCL,Crops and livestock products,840,United States of America,5510,Production,1450,Olives,2022,2022,t,78110,A,Official figure,
QCL,Crops and livestock products,840,United States of America,5510,Production,1450,Olives,2023,2023,t,110220,A,Official figure,
QCL,Crops and livestock products,840,United States of America,5510,Production,1450,Olives,2024,2024,t,147420,A,Official figure,
QCL,Crops and livestock products,840,United States of America,5510,Production,01253.02,"Onions and shallots, dry (excluding dehydrated)",2000,2000,t,3253190,A,Official figure,
QCL,Crops and livestock products,840,United States of America,5510,Production,01253.02,"Onions and shallots, dry (excluding dehydrated)",2001,2001,t,3068670,A,Official figure,
QCL,Crops and livestock products,840,United States of America,5510,Production,01253.02,"Onions and shallots, dry (excluding dehydrated)",2002,2002,t,3168050,A,Official figure,
QCL,Crops and livestock products,840,United States of America,5510,Production,01253.02,"Onions and shallots, dry (excluding dehydrated)",2003,2003,t,3327670,A,Official figure,
QCL,Crops and livestock products,840,United States of America,5510,Production,01253.02,"Onions and shallots, dry (excluding dehydrated)",2004,2004,t,3767750,A,Official figure,
QCL,Crops and livestock products,840,United States of America,5510,Production,01253.02,"Onions and shallots, dry (excluding dehydrated)",2005,2005,t,3334070,A,Official figure,
QCL,Crops and livestock products,840,United States of America,5510,Production,01253.02,"Onions and shallots, dry (excluding dehydrated)",2006,2006,t,3249880,A,Official figure,
QCL,Crops and livestock products,840,United States of America,5510,Production,01253.02,"Onions and shallots, dry (excluding dehydrated)",2007,2007,t,3612300,A,Official figure,
QCL,Crops and livestock products,840,United States of America,5510,Production,01253.02,"Onions and shallots, dry (excluding dehydrated)",2008,2008,t,3407370,A,Official figure,
QCL,Crops and livestock products,840,United States of America,5510,Production,01253.02,"Onions and shallots, dry (excluding dehydrated)",2009,2009,t,3429100,A,Official figure,
QCL,Crops and livestock products,840,United States of America,5510,Production,01253.02,"Onions and shallots, dry (excluding dehydrated)",2010,2010,t,3338380,A,Official figure,
QCL,Crops and livestock products,840,United States of America,5510,Production,01253.02,"Onions and shallots, dry (excluding dehydrated)",2011,2011,t,3360970,A,Official figure,
QCL,Crops and livestock products,840,United States of America,5510,Production,01253.02,"Onions and shallots, dry (excluding dehydrated)",2012,2012,t,3242940,A,Official figure,
QCL,Crops and livestock products,840,United States of America,5510,Production,01253.02,"Onions and shallots, dry (excluding dehydrated)",2013,2013,t,3159350,A,Official figure,
QCL,Crops and livestock products,840,United States of America,5510,Production,01253.02,"Onions and shallots, dry (excluding dehydrated)",2014,2014,t,3166740,A,Official figure,
QCL,Crops and livestock products,840,United States of America,5510,Production,01253.02,"Onions and shallots, dry (excluding dehydrated)",2015,2015,t,3413100,A,Official figure,
QCL,Crops and livestock products,840,United States of America,5510,Production,01253.02,"Onions and shallots, dry (excluding dehydrated)",2016,2016,t,3800670,A,Official figure,
QCL,Crops and livestock products,840,United States of America,5510,Production,01253.02,"Onions and shallots, dry (excluding dehydrated)",2017,2017,t,3737100,A,Official figure,
QCL,Crops and livestock products,840,United States of America,5510,Production,01253.02,"Onions and shallots, dry (excluding dehydrated)",2018,2018,t,3284420,A,Official figure,
QCL,Crops and livestock products,840,United States of America,5510,Production,01253.02,"Onions and shallots, dry (excluding dehydrated)",2019,2019,t,3170271,A,Official figure,
QCL,Crops and livestock products,840,United States of America,5510,Production,01253.02,"Onions and shallots, dry (excluding dehydrated)",2020,2020,t,3353500,A,Official figure,
QCL,Crops and livestock products,840,United States of America,5510,Production,01253.02,"Onions and shallots, dry (excluding dehydrated)",2021,2021,t,3295100,A,Official figure,
QCL,Crops and livestock products,840,United States of America,5510,Production,01253.02,"Onions and shallots, dry (excluding dehydrated)",2022,2022,t,3178368,A,Official figure,
QCL,Crops and livestock products,840,United States of America,5510,Production,01253.02,"Onions and shallots, dry (excluding dehydrated)",2023,2023,t,3336468,A,Official figure,
QCL,Crops and livestock products,840,United States of America,5510,Production,01253.02,"Onions and shallots, dry (excluding dehydrated)",2024,2024,t,3499013,A,Official figure,
QCL,Crops and livestock products,840,United States of America,5510,Production,1323,Oranges,2000,2000,t,11790680,A,Official figure,
QCL,Crops and livestock products,840,United States of America,5510,Production,1323,Oranges,2001,2001,t,11086700,A,Official figure,
QCL,Crops and livestock products,840,United States of America,5510,Production,1323,Oranges,2002,2002,t,11225500,A,Official figure,
QCL,Crops and livestock products,840,United States of America,5510,Production,1323,Oranges,2003,2003,t,10473451,A,Official figure,
QCL,Crops and livestock products,840,United States of America,5510,Production,1323,Oranges,2004,2004,t,11677285,A,Official figure,
QCL,Crops and livestock products,840,United States of America,5510,Production,1323,Oranges,2005,2005,t,8393270,A,Official figure,
QCL,Crops and livestock products,840,United States of America,5510,Production,1323,Oranges,2006,2006,t,8166480,A,Official figure,
QCL,Crops and livestock products,840,United States of America,5510,Production,1323,Oranges,2007,2007,t,6917286,A,Official figure,
QCL,Crops and livestock products,840,United States of America,5510,Production,1323,Oranges,2008,2008,t,9140790,A,Official figure,
QCL,Crops and livestock products,840,United States of America,5510,Production,1323,Oranges,2009,2009,t,8280780,A,Official figure,
QCL,Crops and livestock products,840,United States of America,5510,Production,1323,Oranges,2010,2010,t,7477924,A,Official figure,
QCL,Crops and livestock products,840,United States of America,5510,Production,1323,Oranges,2011,2011,t,8078490,A,Official figure,
QCL,Crops and livestock products,840,United States of America,5510,Production,1323,Oranges,2012,2012,t,8268000,A,Official figure,
QCL,Crops and livestock products,840,United States of America,5510,Production,1323,Oranges,2013,2013,t,7500604,A,Official figure,
QCL,Crops and livestock products,840,United States of America,5510,Production,1323,Oranges,2014,2014,t,6139826,A,Official figure,
QCL,Crops and livestock products,840,United States of America,5510,Production,1323,Oranges,2015,2015,t,5763340,A,Official figure,
QCL,Crops and livestock products,840,United States of America,5510,Production,1323,Oranges,2016,2016,t,5522940,A,Official figure,
QCL,Crops and livestock products,840,United States of America,5510,Production,1323,Oranges,2017,2017,t,4615760,A,Official figure,
QCL,Crops and livestock products,840,United States of America,5510,Production,1323,Oranges,2018,2018,t,3535340,A,Official figure,
QCL,Crops and livestock products,840,United States of America,5510,Production,1323,Oranges,2019,2019,t,4923290,A,Official figure,
QCL,Crops and livestock products,840,United States of America,5510,Production,1323,Oranges,2020,2020,t,4766350,A,Official figure,
QCL,Crops and livestock products,840,United States of America,5510,Production,1323,Oranges,2021,2021,t,3980730,A,Official figure,
QCL,Crops and livestock products,840,United States of America,5510,Production,1323,Oranges,2022,2022,t,3108020,A,Official figure,
QCL,Crops and livestock products,840,United States of America,5510,Production,1323,Oranges,2023,2023,t,2307880,A,Official figure,
QCL,Crops and livestock products,840,United States of America,5510,Production,1323,Oranges,2024,2024,t,2502020,A,Official figure,
QCL,Crops and livestock products,840,United States of America,5510,Production,01241.90,"Other beans, green",2000,2000,t,121180,A,Official figure,
QCL,Crops and livestock products,840,United States of America,5510,Production,01241.90,"Other beans, green",2001,2001,t,140180,A,Official figure,
QCL,Crops and livestock products,840,United States of America,5510,Production,01241.90,"Other beans, green",2002,2002,t,118920,A,Official figure,
QCL,Crops and livestock products,840,United States of America,5510,Production,01241.90,"Other beans, green",2003,2003,t,109180,A,Official figure,
QCL,Crops and livestock products,840,United States of America,5510,Production,01241.90,"Other beans, green",2004,2004,t,97160,A,Official figure,
QCL,Crops and livestock products,840,United States of America,5510,Production,01241.90,"Other beans, green",2005,2005,t,97080,A,Official figure,
QCL,Crops and livestock products,840,United States of America,5510,Production,01241.90,"Other beans, green",2006,2006,t,96600,A,Official figure,
QCL,Crops and livestock products,840,United States of America,5510,Production,01241.90,"Other beans, green",2007,2007,t,48170,A,Official figure,
QCL,Crops and livestock products,840,United States of America,5510,Production,01241.90,"Other beans, green",2008,2008,t,44590,A,Official figure,
QCL,Crops and livestock products,840,United States of America,5510,Production,01241.90,"Other beans, green",2009,2009,t,43570,A,Official figure,
QCL,Crops and livestock products,840,United States of America,5510,Production,01241.90,"Other beans, green",2010,2010,t,56450,A,Official figure,
QCL,Crops and livestock products,840,United States of America,5510,Production,01241.90,"Other beans, green",2011,2011,t,38719,A,Official figure,
QCL,Crops and livestock products,840,United States of America,5510,Production,01241.90,"Other beans, green",2012,2012,t,55350,A,Official figure,
QCL,Crops and livestock products,840,United States of America,5510,Production,01241.90,"Other beans, green",2013,2013,t,44110,A,Official figure,
QCL,Crops and livestock products,840,United States of America,5510,Production,01241.90,"Other beans, green",2014,2014,t,45720,A,Official figure,
QCL,Crops and livestock products,840,United States of America,5510,Production,01241.90,"Other beans, green",2015,2015,t,45580,A,Official figure,
QCL,Crops and livestock products,840,United States of America,5510,Production,01241.90,"Other beans, green",2016,2016,t,34350,A,Official figure,
QCL,Crops and livestock products,840,United States of America,5510,Production,01241.90,"Other beans, green",2017,2017,t,30440,A,Official figure,
QCL,Crops and livestock products,840,United States of America,5510,Production,01241.90,"Other beans, green",2018,2018,t,30920,A,Official figure,
QCL,Crops and livestock products,840,United States of America,5510,Production,01241.90,"Other beans, green",2019,2019,t,31730.77,I,Value imputed by a receiving agency,
QCL,Crops and livestock products,840,United States of America,5510,Production,01241.90,"Other beans, green",2020,2020,t,31030.26,E,Estimated value,
QCL,Crops and livestock products,840,United States of America,5510,Production,01241.90,"Other beans, green",2021,2021,t,31227.01,E,Estimated value,
QCL,Crops and livestock products,840,United States of America,5510,Production,01241.90,"Other beans, green",2022,2022,t,31329.34,E,Estimated value,
QCL,Crops and livestock products,840,United States of America,5510,Production,01241.90,"Other beans, green",2023,2023,t,31195.54,E,Estimated value,
QCL,Crops and livestock products,840,United States of America,5510,Production,01241.90,"Other beans, green",2024,2024,t,31250.63,E,Estimated value,
QCL,Crops and livestock products,840,United States of America,5510,Production,01355.90,Other berries and fruits of the genus vaccinium n.e.c.,2000,2000,t,24676,A,Official figure,
QCL,Crops and livestock products,840,United States of America,5510,Production,01355.90,Other berries and fruits of the genus vaccinium n.e.c.,2001,2001,t,22408,A,Official figure,
QCL,Crops and livestock products,840,United States of America,5510,Production,01355.90,Other berries and fruits of the genus vaccinium n.e.c.,2002,2002,t,23768,A,Official figure,
QCL,Crops and livestock products,840,United States of America,5510,Production,01355.90,Other berries and fruits of the genus vaccinium n.e.c.,2003,2003,t,21319,A,Official figure,
QCL,Crops and livestock products,840,United States of America,5510,Production,01355.90,Other berries and fruits of the genus vaccinium n.e.c.,2004,2004,t,24676,A,Official figure,
QCL,Crops and livestock products,840,United States of America,5510,Production,01355.90,Other berries and fruits of the genus vaccinium n.e.c.,2005,2005,t,24676,A,Official figure,
QCL,Crops and livestock products,840,United States of America,5510,Production,01355.90,Other berries and fruits of the genus vaccinium n.e.c.,2006,2006,t,21047,A,Official figure,
QCL,Crops and livestock products,840,United States of America,5510,Production,01355.90,Other berries and fruits of the genus vaccinium n.e.c.,2007,2007,t,31570,A,Official figure,
QCL,Crops and livestock products,840,United States of America,5510,Production,01355.90,Other berries and fruits of the genus vaccinium n.e.c.,2008,2008,t,22952,A,Official figure,
QCL,Crops and livestock products,840,United States of America,5510,Production,01355.90,Other berries and fruits of the genus vaccinium n.e.c.,2009,2009,t,24857,A,Official figure,
QCL,Crops and livestock products,840,United States of America,5510,Production,01355.90,Other berries and fruits of the genus vaccinium n.e.c.,2010,2010,t,25966.39,I,Value imputed by a receiving agency,
QCL,Crops and livestock products,840,United States of America,5510,Production,01355.90,Other berries and fruits of the genus vaccinium n.e.c.,2011,2011,t,26513.52,I,Value imputed by a receiving agency,
QCL,Crops and livestock products,840,United States of America,5510,Production,01355.90,Other berries and fruits of the genus vaccinium n.e.c.,2012,2012,t,25938.41,I,Value imputed by a receiving agency,
QCL,Crops and livestock products,840,United States of America,5510,Production,01355.90,Other berries and fruits of the genus vaccinium n.e.c.,2013,2013,t,26476.2,I,Value imputed by a receiving agency,
QCL,Crops and livestock products,840,United States of America,5510,Production,01355.90,Other berries and fruits of the genus vaccinium n.e.c.,2014,2014,t,27033.92,I,Value imputed by a receiving agency,
QCL,Crops and livestock products,840,United States of America,5510,Production,01355.90,Other berries and fruits of the genus vaccinium n.e.c.,2015,2015,t,27628.14,I,Value imputed by a receiving agency,
QCL,Crops and livestock products,840,United States of America,5510,Production,01355.90,Other berries and fruits of the genus vaccinium n.e.c.,2016,2016,t,28118.32,I,Value imputed by a receiving agency,
QCL,Crops and livestock products,840,United States of America,5510,Production,01355.90,Other berries and fruits of the genus vaccinium n.e.c.,2017,2017,t,28496.08,I,Value imputed by a receiving agency,
QCL,Crops and livestock products,840,United States of America,5510,Production,01355.90,Other berries and fruits of the genus vaccinium n.e.c.,2018,2018,t,28926.35,I,Value imputed by a receiving agency,
QCL,Crops and livestock products,840,United States of America,5510,Production,01355.90,Other berries and fruits of the genus vaccinium n.e.c.,2019,2019,t,29436.19,I,Value imputed by a receiving agency,
QCL,Crops and livestock products,840,United States of America,5510,Production,01355.90,Other berries and fruits of the genus vaccinium n.e.c.,2020,2020,t,29811.02,I,Value imputed by a receiving agency,
QCL,Crops and livestock products,840,United States of America,5510,Production,01355.90,Other berries and fruits of the genus vaccinium n.e.c.,2021,2021,t,29391.19,E,Estimated value,
QCL,Crops and livestock products,840,United States of America,5510,Production,01355.90,Other berries and fruits of the genus vaccinium n.e.c.,2022,2022,t,29546.13,E,Estimated value,
QCL,Crops and livestock products,840,United States of America,5510,Production,01355.90,Other berries and fruits of the genus vaccinium n.e.c.,2023,2023,t,29582.78,E,Estimated value,
QCL,Crops and livestock products,840,United States of America,5510,Production,01355.90,Other berries and fruits of the genus vaccinium n.e.c.,2024,2024,t,29506.7,E,Estimated value,
QCL,Crops and livestock products,840,United States of America,5510,Production,1329,"Other citrus fruit, n.e.c.",2000,2000,t,4540,A,Official figure,
QCL,Crops and livestock products,840,United States of America,5510,Production,1329,"Other citrus fruit, n.e.c.",2001,2001,t,1810,A,Official figure,
QCL,Crops and livestock products,840,United States of America,5510,Production,1329,"Other citrus fruit, n.e.c.",2002,2002,t,910,A,Official figure,
QCL,Crops and livestock products,840,United States of America,5510,Production,1329,"Other citrus fruit, n.e.c.",2003,2003,t,35000,E,Estimated value,
QCL,Crops and livestock products,840,United States of America,5510,Production,1329,"Other citrus fruit, n.e.c.",2004,2004,t,57141,A,Official figure,
QCL,Crops and livestock products,840,United States of America,5510,Production,1329,"Other citrus fruit, n.e.c.",2005,2005,t,26303,A,Official figure,
QCL,Crops and livestock products,840,United States of America,5510,Production,1329,"Other citrus fruit, n.e.c.",2006,2006,t,29030,A,Official figure,
QCL,Crops and livestock products,840,United States of America,5510,Production,1329,"Other citrus fruit, n.e.c.",2007,2007,t,50800,A,Official figure,
QCL,Crops and livestock products,840,United States of America,5510,Production,1329,"Other citrus fruit, n.e.c.",2008,2008,t,61690,A,Official figure,
QCL,Crops and livestock products,840,United States of America,5510,Production,1329,"Other citrus fruit, n.e.c.",2009,2009,t,47174,A,Official figure,
QCL,Crops and livestock products,840,United States of America,5510,Production,1329,"Other citrus fruit, n.e.c.",2010,2010,t,37195,A,Official figure,
QCL,Crops and livestock products,840,United States of America,5510,Production,1329,"Other citrus fruit, n.e.c.",2011,2011,t,34200,A,Official figure,
QCL,Crops and livestock products,840,United States of America,5510,Production,1329,"Other citrus fruit, n.e.c.",2012,2012,t,45000,A,Official figure,
QCL,Crops and livestock products,840,United States of America,5510,Production,1329,"Other citrus fruit, n.e.c.",2013,2013,t,40823,A,Official figure,
QCL,Crops and livestock products,840,United States of America,5510,Production,1329,"Other citrus fruit, n.e.c.",2014,2014,t,36287,A,Official figure,
QCL,Crops and livestock products,840,United States of America,5510,Production,1329,"Other citrus fruit, n.e.c.",2015,2015,t,27220,A,Official figure,
QCL,Crops and livestock products,840,United States of America,5510,Production,1329,"Other citrus fruit, n.e.c.",2016,2016,t,16330,A,Official figure,
QCL,Crops and livestock products,840,United States of America,5510,Production,1329,"Other citrus fruit, n.e.c.",2017,2017,t,25000,E,Estimated value,
QCL,Crops and livestock products,840,United States of America,5510,Production,1329,"Other citrus fruit, n.e.c.",2018,2018,t,22850,E,Estimated value,
QCL,Crops and livestock products,840,United States of America,5510,Production,1329,"Other citrus fruit, n.e.c.",2019,2019,t,21393.33,E,Estimated value,
QCL,Crops and livestock products,840,United States of America,5510,Production,1329,"Other citrus fruit, n.e.c.",2020,2020,t,23081.11,E,Estimated value,
QCL,Crops and livestock products,840,United States of America,5510,Production,1329,"Other citrus fruit, n.e.c.",2021,2021,t,22441.48,E,Estimated value,
QCL,Crops and livestock products,840,United States of America,5510,Production,1329,"Other citrus fruit, n.e.c.",2022,2022,t,22305.31,E,Estimated value,
QCL,Crops and livestock products,840,United States of America,5510,Production,1329,"Other citrus fruit, n.e.c.",2023,2023,t,22609.3,E,Estimated value,
QCL,Crops and livestock products,840,United States of America,5510,Production,1329,"Other citrus fruit, n.e.c.",2024,2024,t,22452.03,E,Estimated value,
QCL,Crops and livestock products,840,United States of America,5510,Production,01359.90,"Other fruits, n.e.c.",2000,2000,t,7260,A,Official figure,
QCL,Crops and livestock products,840,United States of America,5510,Production,01359.90,"Other fruits, n.e.c.",2001,2001,t,6985,A,Official figure,
QCL,Crops and livestock products,840,United States of America,5510,Production,01359.90,"Other fruits, n.e.c.",2002,2002,t,4445,A,Official figure,
QCL,Crops and livestock products,840,United States of America,5510,Production,01359.90,"Other fruits, n.e.c.",2003,2003,t,3084,A,Official figure,
QCL,Crops and livestock products,840,United States of America,5510,Production,01359.90,"Other fruits, n.e.c.",2004,2004,t,3719,A,Official figure,
QCL,Crops and livestock products,840,United States of America,5510,Production,01359.90,"Other fruits, n.e.c.",2005,2005,t,3719,A,Official figure,
QCL,Crops and livestock products,840,United States of America,5510,Production,01359.90,"Other fruits, n.e.c.",2006,2006,t,3357,A,Official figure,
QCL,Crops and livestock products,840,United States of America,5510,Production,01359.90,"Other fruits, n.e.c.",2007,2007,t,1994,A,Official figure,
QCL,Crops and livestock products,840,United States of America,5510,Production,01359.90,"Other fruits, n.e.c.",2008,2008,t,1588,A,Official figure,
QCL,Crops and livestock products,840,United States of America,5510,Production,01359.90,"Other fruits, n.e.c.",2009,2009,t,953,A,Official figure,
QCL,Crops and livestock products,840,United States of America,5510,Production,01359.90,"Other fruits, n.e.c.",2010,2010,t,590,A,Official figure,
QCL,Crops and livestock products,840,United States of America,5510,Production,01359.90,"Other fruits, n.e.c.",2011,2011,t,862,A,Official figure,
QCL,Crops and livestock products,840,United States of America,5510,Production,01359.90,"Other fruits, n.e.c.",2012,2012,t,1097.67,I,Value imputed by a receiving agency,
QCL,Crops and livestock products,840,United States of America,5510,Production,01359.90,"Other fruits, n.e.c.",2013,2013,t,998,A,Official figure,
QCL,Crops and livestock products,840,United States of America,5510,Production,01359.90,"Other fruits, n.e.c.",2014,2014,t,771,A,Official figure,
QCL,Crops and livestock products,840,United States of America,5510,Production,01359.90,"Other fruits, n.e.c.",2015,2015,t,529.24,I,Value imputed by a receiving agency,
QCL,Crops and livestock products,840,United States of America,5510,Production,01359.90,"Other fruits, n.e.c.",2016,2016,t,766.08,E,Estimated value,
QCL,Crops and livestock products,840,United States of America,5510,Production,01359.90,"Other fruits, n.e.c.",2017,2017,t,688.77,E,Estimated value,
QCL,Crops and livestock products,840,United States of America,5510,Production,01359.90,"Other fruits, n.e.c.",2018,2018,t,661.36,E,Estimated value,
QCL,Crops and livestock products,840,United States of America,5510,Production,01359.90,"Other fruits, n.e.c.",2019,2019,t,705.41,E,Estimated value,
QCL,Crops and livestock products,840,United States of America,5510,Production,01359.90,"Other fruits, n.e.c.",2020,2020,t,685.18,E,Estimated value,
QCL,Crops and livestock products,840,United States of America,5510,Production,01359.90,"Other fruits, n.e.c.",2021,2021,t,683.98,E,Estimated value,
QCL,Crops and livestock products,840,United States of America,5510,Production,01359.90,"Other fruits, n.e.c.",2022,2022,t,691.52,E,Estimated value,
QCL,Crops and livestock products,840,United States of America,5510,Production,01359.90,"Other fruits, n.e.c.",2023,2023,t,686.9,E,Estimated value,
QCL,Crops and livestock products,840,United States of America,5510,Production,01359.90,"Other fruits, n.e.c.",2024,2024,t,687.47,E,Estimated value,
QCL,Crops and livestock products,840,United States of America,5510,Production,01379.90,"Other nuts (excluding wild edible nuts and groundnuts), in shell, n.e.c.",2000,2000,t,117850,A,Official figure,
QCL,Crops and livestock products,840,United States of America,5510,Production,01379.90,"Other nuts (excluding wild edible nuts and groundnuts), in shell, n.e.c.",2001,2001,t,178990,A,Official figure,
QCL,Crops and livestock products,840,United States of America,5510,Production,01379.90,"Other nuts (excluding wild edible nuts and groundnuts), in shell, n.e.c.",2002,2002,t,102510,A,Official figure,
QCL,Crops and livestock products,840,United States of America,5510,Production,01379.90,"Other nuts (excluding wild edible nuts and groundnuts), in shell, n.e.c.",2003,2003,t,152045,A,Official figure,
QCL,Crops and livestock products,840,United States of America,5510,Production,01379.90,"Other nuts (excluding wild edible nuts and groundnuts), in shell, n.e.c.",2004,2004,t,109951,A,Official figure,
QCL,Crops and livestock products,840,United States of America,5510,Production,01379.90,"Other nuts (excluding wild edible nuts and groundnuts), in shell, n.e.c.",2005,2005,t,117750,A,Official figure,
QCL,Crops and livestock products,840,United States of America,5510,Production,01379.90,"Other nuts (excluding wild edible nuts and groundnuts), in shell, n.e.c.",2006,2006,t,95310,A,Official figure,
QCL,Crops and livestock products,840,United States of America,5510,Production,01379.90,"Other nuts (excluding wild edible nuts and groundnuts), in shell, n.e.c.",2007,2007,t,153390,A,Official figure,
QCL,Crops and livestock products,840,United States of America,5510,Production,01379.90,"Other nuts (excluding wild edible nuts and groundnuts), in shell, n.e.c.",2008,2008,t,110700,A,Official figure,
QCL,Crops and livestock products,840,United States of America,5510,Production,01379.90,"Other nuts (excluding wild edible nuts and groundnuts), in shell, n.e.c.",2009,2009,t,136994,A,Official figure,
QCL,Crops and livestock products,840,United States of America,5510,Production,01379.90,"Other nuts (excluding wild edible nuts and groundnuts), in shell, n.e.c.",2010,2010,t,133238,A,Official figure,
QCL,Crops and livestock products,840,United States of America,5510,Production,01379.90,"Other nuts (excluding wild edible nuts and groundnuts), in shell, n.e.c.",2011,2011,t,122334,A,Official figure,
QCL,Crops and livestock products,840,United States of America,5510,Production,01379.90,"Other nuts (excluding wild edible nuts and groundnuts), in shell, n.e.c.",2012,2012,t,137121,A,Official figure,
QCL,Crops and livestock products,840,United States of America,5510,Production,01379.90,"Other nuts (excluding wild edible nuts and groundnuts), in shell, n.e.c.",2013,2013,t,120805,A,Official figure,
QCL,Crops and livestock products,840,United States of America,5510,Production,01379.90,"Other nuts (excluding wild edible nuts and groundnuts), in shell, n.e.c.",2014,2014,t,119816,A,Official figure,
QCL,Crops and livestock products,840,United States of America,5510,Production,01379.90,"Other nuts (excluding wild edible nuts and groundnuts), in shell, n.e.c.",2015,2015,t,129569.9,I,Value imputed by a receiving agency,
QCL,Crops and livestock products,840,United States of America,5510,Production,01379.90,"Other nuts (excluding wild edible nuts and groundnuts), in shell, n.e.c.",2016,2016,t,121912,A,Official figure,
QCL,Crops and livestock products,840,United States of America,5510,Production,01379.90,"Other nuts (excluding wild edible nuts and groundnuts), in shell, n.e.c.",2017,2017,t,160500,A,Official figure,
QCL,Crops and livestock products,840,United States of America,5510,Production,01379.90,"Other nuts (excluding wild edible nuts and groundnuts), in shell, n.e.c.",2018,2018,t,125300,A,Official figure,
QCL,Crops and livestock products,840,United States of America,5510,Production,01379.90,"Other nuts (excluding wild edible nuts and groundnuts), in shell, n.e.c.",2019,2019,t,134450,A,Official figure,
QCL,Crops and livestock products,840,United States of America,5510,Production,01379.90,"Other nuts (excluding wild edible nuts and groundnuts), in shell, n.e.c.",2020,2020,t,156030,A,Official figure,
QCL,Crops and livestock products,840,United States of America,5510,Production,01379.90,"Other nuts (excluding wild edible nuts and groundnuts), in shell, n.e.c.",2021,2021,t,143790,A,Official figure,
QCL,Crops and livestock products,840,United States of America,5510,Production,01379.90,"Other nuts (excluding wild edible nuts and groundnuts), in shell, n.e.c.",2022,2022,t,147970,A,Official figure,
QCL,Crops and livestock products,840,United States of America,5510,Production,01379.90,"Other nuts (excluding wild edible nuts and groundnuts), in shell, n.e.c.",2023,2023,t,155830,A,Official figure,
QCL,Crops and livestock products,840,United States of America,5510,Production,01379.90,"Other nuts (excluding wild edible nuts and groundnuts), in shell, n.e.c.",2024,2024,t,136470,A,Official figure,
QCL,Crops and livestock products,840,United States of America,5510,Production,01290.90,"Other vegetables, fresh n.e.c.",2000,2000,t,835744,A,Official figure,
QCL,Crops and livestock products,840,United States of America,5510,Production,01290.90,"Other vegetables, fresh n.e.c.",2001,2001,t,855294,A,Official figure,
QCL,Crops and livestock products,840,United States of America,5510,Production,01290.90,"Other vegetables, fresh n.e.c.",2002,2002,t,849896,A,Official figure,
QCL,Crops and livestock products,840,United States of America,5510,Production,01290.90,"Other vegetables, fresh n.e.c.",2003,2003,t,873437,A,Official figure,
QCL,Crops and livestock products,840,United States of America,5510,Production,01290.90,"Other vegetables, fresh n.e.c.",2004,2004,t,883553,A,Official figure,
QCL,Crops and livestock products,840,United States of America,5510,Production,01290.90,"Other vegetables, fresh n.e.c.",2005,2005,t,847580,A,Official figure,
QCL,Crops and livestock products,840,United States of America,5510,Production,01290.90,"Other vegetables, fresh n.e.c.",2006,2006,t,872258,A,Official figure,
QCL,Crops and livestock products,840,United States of America,5510,Production,01290.90,"Other vegetables, fresh n.e.c.",2007,2007,t,907684,A,Official figure,
QCL,Crops and livestock products,840,United States of America,5510,Production,01290.90,"Other vegetables, fresh n.e.c.",2008,2008,t,908319,A,Official figure,
QCL,Crops and livestock products,840,United States of America,5510,Production,01290.90,"Other vegetables, fresh n.e.c.",2009,2009,t,910541,A,Official figure,
QCL,Crops and livestock products,840,United States of America,5510,Production,01290.90,"Other vegetables, fresh n.e.c.",2010,2010,t,903692,A,Official figure,
QCL,Crops and livestock products,840,United States of America,5510,Production,01290.90,"Other vegetables, fresh n.e.c.",2011,2011,t,878246,A,Official figure,
QCL,Crops and livestock products,840,United States of America,5510,Production,01290.90,"Other vegetables, fresh n.e.c.",2012,2012,t,895936,A,Official figure,
QCL,Crops and livestock products,840,United States of America,5510,Production,01290.90,"Other vegetables, fresh n.e.c.",2013,2013,t,816602,A,Official figure,
QCL,Crops and livestock products,840,United States of America,5510,Production,01290.90,"Other vegetables, fresh n.e.c.",2014,2014,t,834292,A,Official figure,
QCL,Crops and livestock products,840,United States of America,5510,Production,01290.90,"Other vegetables, fresh n.e.c.",2015,2015,t,776097,A,Official figure,
QCL,Crops and livestock products,840,United States of America,5510,Production,01290.90,"Other vegetables, fresh n.e.c.",2016,2016,t,773919,A,Official figure,
QCL,Crops and livestock products,840,United States of America,5510,Production,01290.90,"Other vegetables, fresh n.e.c.",2017,2017,t,709033,A,Official figure,
QCL,Crops and livestock products,840,United States of America,5510,Production,01290.90,"Other vegetables, fresh n.e.c.",2018,2018,t,794510,A,Official figure,
QCL,Crops and livestock products,840,United States of America,5510,Production,01290.90,"Other vegetables, fresh n.e.c.",2019,2019,t,713773,A,Official figure,
QCL,Crops and livestock products,840,United States of America,5510,Production,01290.90,"Other vegetables, fresh n.e.c.",2020,2020,t,731554,A,Official figure,
QCL,Crops and livestock products,840,United States of America,5510,Production,01290.90,"Other vegetables, fresh n.e.c.",2021,2021,t,693543,A,Official figure,
QCL,Crops and livestock products,840,United States of America,5510,Production,01290.90,"Other vegetables, fresh n.e.c.",2022,2022,t,667348,A,Official figure,
QCL,Crops and livestock products,840,United States of America,5510,Production,01290.90,"Other vegetables, fresh n.e.c.",2023,2023,t,643920,A,Official figure,
QCL,Crops and livestock products,840,United States of America,5510,Production,01290.90,"Other vegetables, fresh n.e.c.",2024,2024,t,676579,A,Official figure,
QCL,Crops and livestock products,840,United States of America,5510,Production,1317,Papayas,2000,2000,t,24766,A,Official figure,
QCL,Crops and livestock products,840,United States of America,5510,Production,1317,Papayas,2001,2001,t,24948,A,Official figure,
QCL,Crops and livestock products,840,United States of America,5510,Production,1317,Papayas,2002,2002,t,20865,A,Official figure,
QCL,Crops and livestock products,840,United States of America,5510,Production,1317,Papayas,2003,2003,t,19323,A,Official figure,
QCL,Crops and livestock products,840,United States of America,5510,Production,1317,Papayas,2004,2004,t,16239,A,Official figure,
QCL,Crops and livestock products,840,United States of America,5510,Production,1317,Papayas,2005,2005,t,14920,A,Official figure,
QCL,Crops and livestock products,840,United States of America,5510,Production,1317,Papayas,2006,2006,t,12840,A,Official figure,
QCL,Crops and livestock products,840,United States of America,5510,Production,1317,Papayas,2007,2007,t,15150,A,Official figure,
QCL,Crops and livestock products,840,United States of America,5510,Production,1317,Papayas,2008,2008,t,15240,A,Official figure,
QCL,Crops and livestock products,840,United States of America,5510,Production,1317,Papayas,2009,2009,t,14290,A,Official figure,
QCL,Crops and livestock products,840,United States of America,5510,Production,1317,Papayas,2010,2010,t,13653,A,Official figure,
QCL,Crops and livestock products,840,United States of America,5510,Production,1317,Papayas,2011,2011,t,12973,A,Official figure,
QCL,Crops and livestock products,840,United States of America,5510,Production,1317,Papayas,2012,2012,t,12277.6,I,Value imputed by a receiving agency,
QCL,Crops and livestock products,840,United States of America,5510,Production,1317,Papayas,2013,2013,t,10977,A,Official figure,
QCL,Crops and livestock products,840,United States of America,5510,Production,1317,Papayas,2014,2014,t,10705,A,Official figure,
QCL,Crops and livestock products,840,United States of America,5510,Production,1317,Papayas,2015,2015,t,12428,A,Official figure,
QCL,Crops and livestock products,840,United States of America,5510,Production,1317,Papayas,2016,2016,t,8963,A,Official figure,
QCL,Crops and livestock products,840,United States of America,5510,Production,1317,Papayas,2017,2017,t,11610,A,Official figure,
QCL,Crops and livestock products,840,United States of America,5510,Production,1317,Papayas,2018,2018,t,4720,A,Official figure,
QCL,Crops and livestock products,840,United States of America,5510,Production,1317,Papayas,2019,2019,t,5329.71,A,Official figure,
QCL,Crops and livestock products,840,United States of America,5510,Production,1317,Papayas,2020,2020,t,3760,A,Official figure,
QCL,Crops and livestock products,840,United States of America,5510,Production,1317,Papayas,2021,2021,t,7080,A,Official figure,
QCL,Crops and livestock products,840,United States of America,5510,Production,1317,Papayas,2022,2022,t,5310,A,Official figure,
QCL,Crops and livestock products,840,United States of America,5510,Production,1317,Papayas,2023,2023,t,4650,A,Official figure,
QCL,Crops and livestock products,840,United States of America,5510,Production,1317,Papayas,2024,2024,t,4990,A,Official figure,
QCL,Crops and livestock products,840,United States of America,5510,Production,1345,Peaches and nectarines,2000,2000,t,1412404,A,Official figure,
QCL,Crops and livestock products,840,United States of America,5510,Production,1345,Peaches and nectarines,2001,2001,t,1341643,A,Official figure,
QCL,Crops and livestock products,840,United States of America,5510,Production,1345,Peaches and nectarines,2002,2002,t,1422020,A,Official figure,
QCL,Crops and livestock products,840,United States of America,5510,Production,1345,Peaches and nectarines,2003,2003,t,1341001,A,Official figure,
QCL,Crops and livestock products,840,United States of America,5510,Production,1345,Peaches and nectarines,2004,2004,t,1429814,A,Official figure,
QCL,Crops and livestock products,840,United States of America,5510,Production,1345,Peaches and nectarines,2005,2005,t,1301901,A,Official figure,
QCL,Crops and livestock products,840,United States of America,5510,Production,1345,Peaches and nectarines,2006,2006,t,1132529,A,Official figure,
QCL,Crops and livestock products,840,United States of America,5510,Production,1345,Peaches and nectarines,2007,2007,t,1279312,A,Official figure,
QCL,Crops and livestock products,840,United States of America,5510,Production,1345,Peaches and nectarines,2008,2008,t,1304350,A,Official figure,
QCL,Crops and livestock products,840,United States of America,5510,Production,1345,Peaches and nectarines,2009,2009,t,1200750,A,Official figure,
QCL,Crops and livestock products,840,United States of America,5510,Production,1345,Peaches and nectarines,2010,2010,t,1254818,A,Official figure,
QCL,Crops and livestock products,840,United States of America,5510,Production,1345,Peaches and nectarines,2011,2011,t,1176611,A,Official figure,
QCL,Crops and livestock products,840,United States of America,5510,Production,1345,Peaches and nectarines,2012,2012,t,1049613,A,Official figure,
QCL,Crops and livestock products,840,United States of America,5510,Production,1345,Peaches and nectarines,2013,2013,t,967059,A,Official figure,
QCL,Crops and livestock products,840,United States of America,5510,Production,1345,Peaches and nectarines,2014,2014,t,959983,A,Official figure,
QCL,Crops and livestock products,840,United States of America,5510,Production,1345,Peaches and nectarines,2015,2015,t,927787,A,Official figure,
QCL,Crops and livestock products,840,United States of America,5510,Production,1345,Peaches and nectarines,2016,2016,t,855740,A,Official figure,
QCL,Crops and livestock products,840,United States of America,5510,Production,1345,Peaches and nectarines,2017,2017,t,764410,A,Official figure,
QCL,Crops and livestock products,840,United States of America,5510,Production,1345,Peaches and nectarines,2018,2018,t,700350,A,Official figure,
QCL,Crops and livestock products,840,United States of America,5510,Production,1345,Peaches and nectarines,2019,2019,t,731730,A,Official figure,
QCL,Crops and livestock products,840,United States of America,5510,Production,1345,Peaches and nectarines,2020,2020,t,703300,A,Official figure,
QCL,Crops and livestock products,840,United States of America,5510,Production,1345,Peaches and nectarines,2021,2021,t,768120,A,Official figure,
QCL,Crops and livestock products,840,United States of America,5510,Production,1345,Peaches and nectarines,2022,2022,t,712160,A,Official figure,
QCL,Crops and livestock products,840,United States of America,5510,Production,1345,Peaches and nectarines,2023,2023,t,666820,A,Official figure,
QCL,Crops and livestock products,840,United States of America,5510,Production,1345,Peaches and nectarines,2024,2024,t,759950,A,Official figure,
QCL,Crops and livestock products,840,United States of America,5510,Production,01342.01,Pears,2000,2000,t,861100,A,Official figure,
QCL,Crops and livestock products,840,United States of America,5510,Production,01342.01,Pears,2001,2001,t,931593,A,Official figure,
QCL,Crops and livestock products,840,United States of America,5510,Production,01342.01,Pears,2002,2002,t,807399,A,Official figure,
QCL,Crops and livestock products,840,United States of America,5510,Production,01342.01,Pears,2003,2003,t,842321,A,Official figure,
QCL,Crops and livestock products,840,United States of America,5510,Production,01342.01,Pears,2004,2004,t,796680,A,Official figure,
QCL,Crops and livestock products,840,United States of America,5510,Production,01342.01,Pears,2005,2005,t,746900,A,Official figure,
QCL,Crops and livestock products,840,United States of America,5510,Production,01342.01,Pears,2006,2006,t,762970,A,Official figure,
QCL,Crops and livestock products,840,United States of America,5510,Production,01342.01,Pears,2007,2007,t,799180,A,Official figure,
QCL,Crops and livestock products,840,United States of America,5510,Production,01342.01,Pears,2008,2008,t,789110,A,Official figure,
QCL,Crops and livestock products,840,United States of America,5510,Production,01342.01,Pears,2009,2009,t,868357,A,Official figure,
QCL,Crops and livestock products,840,United States of America,5510,Production,01342.01,Pears,2010,2010,t,738085,A,Official figure,
QCL,Crops and livestock products,840,United States of America,5510,Production,01342.01,Pears,2011,2011,t,876087,A,Official figure,
QCL,Crops and livestock products,840,United States of America,5510,Production,01342.01,Pears,2012,2012,t,778583,A,Official figure,
QCL,Crops and livestock products,840,United States of America,5510,Production,01342.01,Pears,2013,2013,t,795692,A,Official figure,
QCL,Crops and livestock products,840,United States of America,5510,Production,01342.01,Pears,2014,2014,t,754415,A,Official figure,
QCL,Crops and livestock products,840,United States of America,5510,Production,01342.01,Pears,2015,2015,t,744345,A,Official figure,
QCL,Crops and livestock products,840,United States of America,5510,Production,01342.01,Pears,2016,2016,t,682061,A,Official figure,
QCL,Crops and livestock products,840,United States of America,5510,Production,01342.01,Pears,2017,2017,t,669000,A,Official figure,
QCL,Crops and livestock products,840,United States of America,5510,Production,01342.01,Pears,2018,2018,t,730740,A,Official figure,
QCL,Crops and livestock products,840,United States of America,5510,Production,01342.01,Pears,2019,2019,t,648637.28,A,Official figure,
QCL,Crops and livestock products,840,United States of America,5510,Production,01342.01,Pears,2020,2020,t,595110,A,Official figure,
QCL,Crops and livestock products,840,United States of America,5510,Production,01342.01,Pears,2021,2021,t,604190,A,Official figure,
QCL,Crops and livestock products,840,United States of America,5510,Production,01342.01,Pears,2022,2022,t,587860,A,Official figure,
QCL,Crops and livestock products,840,United States of America,5510,Production,01342.01,Pears,2023,2023,t,629130,A,Official figure,
QCL,Crops and livestock products,840,United States of America,5510,Production,01342.01,Pears,2024,2024,t,463120,A,Official figure,
QCL,Crops and livestock products,840,United States of America,5510,Production,1705,"Peas, dry",2000,2000,t,157578,A,Official figure,
QCL,Crops and livestock products,840,United States of America,5510,Production,1705,"Peas, dry",2001,2001,t,170687,A,Official figure,
QCL,Crops and livestock products,840,United States of America,5510,Production,1705,"Peas, dry",2002,2002,t,214413,A,Official figure,
QCL,Crops and livestock products,840,United States of America,5510,Production,1705,"Peas, dry",2003,2003,t,235959,A,Official figure,
QCL,Crops and livestock products,840,United States of America,5510,Production,1705,"Peas, dry",2004,2004,t,517957,A,Official figure,
QCL,Crops and livestock products,840,United States of America,5510,Production,1705,"Peas, dry",2005,2005,t,635165,A,Official figure,
QCL,Crops and livestock products,840,United States of America,5510,Production,1705,"Peas, dry",2006,2006,t,598880,A,Official figure,
QCL,Crops and livestock products,840,United States of America,5510,Production,1705,"Peas, dry",2007,2007,t,738766,A,Official figure,
QCL,Crops and livestock products,840,United States of America,5510,Production,1705,"Peas, dry",2008,2008,t,556560,A,Official figure,
QCL,Crops and livestock products,840,United States of America,5510,Production,1705,"Peas, dry",2009,2009,t,777320,A,Official figure,
QCL,Crops and livestock products,840,United States of America,5510,Production,1705,"Peas, dry",2010,2010,t,645050,A,Official figure,
QCL,Crops and livestock products,840,United States of America,5510,Production,1705,"Peas, dry",2011,2011,t,255146,A,Official figure,
QCL,Crops and livestock products,840,United States of America,5510,Production,1705,"Peas, dry",2012,2012,t,499042,A,Official figure,
QCL,Crops and livestock products,840,United States of America,5510,Production,1705,"Peas, dry",2013,2013,t,708510,A,Official figure,
QCL,Crops and livestock products,840,United States of America,5510,Production,1705,"Peas, dry",2014,2014,t,778140,A,Official figure,
QCL,Crops and livestock products,840,United States of America,5510,Production,1705,"Peas, dry",2015,2015,t,829303,A,Official figure,
QCL,Crops and livestock products,840,United States of America,5510,Production,1705,"Peas, dry",2016,2016,t,1259260,A,Official figure,
QCL,Crops and livestock products,840,United States of America,5510,Production,1705,"Peas, dry",2017,2017,t,643880,A,Official figure,
QCL,Crops and livestock products,840,United States of America,5510,Production,1705,"Peas, dry",2018,2018,t,722530,A,Official figure,
QCL,Crops and livestock products,840,United States of America,5510,Production,1705,"Peas, dry",2019,2019,t,1013600,A,Official figure,
QCL,Crops and livestock products,840,United States of America,5510,Production,1705,"Peas, dry",2020,2020,t,981080,A,Official figure,
QCL,Crops and livestock products,840,United States of America,5510,Production,1705,"Peas, dry",2021,2021,t,415540,A,Official figure,
QCL,Crops and livestock products,840,United States of America,5510,Production,1705,"Peas, dry",2022,2022,t,703840,A,Official figure,
QCL,Crops and livestock products,840,United States of America,5510,Production,1705,"Peas, dry",2023,2023,t,814060,A,Official figure,
QCL,Crops and livestock products,840,United States of America,5510,Production,1705,"Peas, dry",2024,2024,t,756550,A,Official figure,
QCL,Crops and livestock products,840,United States of America,5510,Production,1242,"Peas, green",2000,2000,t,1202125,A,Official figure,
QCL,Crops and livestock products,840,United States of America,5510,Production,1242,"Peas, green",2001,2001,t,885000,A,Official figure,
QCL,Crops and livestock products,840,United States of America,5510,Production,1242,"Peas, green",2002,2002,t,793475,A,Official figure,
QCL,Crops and livestock products,840,United States of America,5510,Production,1242,"Peas, green",2003,2003,t,1060650,A,Official figure,
QCL,Crops and livestock products,840,United States of America,5510,Production,1242,"Peas, green",2004,2004,t,901675,A,Official figure,
QCL,Crops and livestock products,840,United States of America,5510,Production,1242,"Peas, green",2005,2005,t,859175,A,Official figure,
QCL,Crops and livestock products,840,United States of America,5510,Production,1242,"Peas, green",2006,2006,t,929525,A,Official figure,
QCL,Crops and livestock products,840,United States of America,5510,Production,1242,"Peas, green",2007,2007,t,988675,A,Official figure,
QCL,Crops and livestock products,840,United States of America,5510,Production,1242,"Peas, green",2008,2008,t,373560,A,Official figure,
QCL,Crops and livestock products,840,United States of America,5510,Production,1242,"Peas, green",2009,2009,t,400680,A,Official figure,
QCL,Crops and livestock products,840,United States of America,5510,Production,1242,"Peas, green",2010,2010,t,313560,A,Official figure,
QCL,Crops and livestock products,840,United States of America,5510,Production,1242,"Peas, green",2011,2011,t,323004,A,Official figure,
QCL,Crops and livestock products,840,United States of America,5510,Production,1242,"Peas, green",2012,2012,t,369450,A,Official figure,
QCL,Crops and livestock products,840,United States of America,5510,Production,1242,"Peas, green",2013,2013,t,323000,A,Official figure,
QCL,Crops and livestock products,840,United States of America,5510,Production,1242,"Peas, green",2014,2014,t,329180,A,Official figure,
QCL,Crops and livestock products,840,United States of America,5510,Production,1242,"Peas, green",2015,2015,t,373140,A,Official figure,
QCL,Crops and livestock products,840,United States of America,5510,Production,1242,"Peas, green",2016,2016,t,284560,A,Official figure,
QCL,Crops and livestock products,840,United States of America,5510,Production,1242,"Peas, green",2017,2017,t,243440,A,Official figure,
QCL,Crops and livestock products,840,United States of America,5510,Production,1242,"Peas, green",2018,2018,t,230048,A,Official figure,
QCL,Crops and livestock products,840,United States of America,5510,Production,1242,"Peas, green",2019,2019,t,228502,A,Official figure,
QCL,Crops and livestock products,840,United States of America,5510,Production,1242,"Peas, green",2020,2020,t,238023,A,Official figure,
QCL,Crops and livestock products,840,United States of America,5510,Production,1242,"Peas, green",2021,2021,t,202656,A,Official figure,
QCL,Crops and livestock products,840,United States of America,5510,Production,1242,"Peas, green",2022,2022,t,257491,A,Official figure,
QCL,Crops and livestock products,840,United States of America,5510,Production,1242,"Peas, green",2023,2023,t,240409,A,Official figure,
QCL,Crops and livestock products,840,United States of America,5510,Production,1242,"Peas, green",2024,2024,t,204049,A,Official figure,
QCL,Crops and livestock products,840,United States of America,5510,Production,1318,Pineapples,2000,2000,t,321145,A,Official figure,
QCL,Crops and livestock products,840,United States of America,5510,Production,1318,Pineapples,2001,2001,t,293022,A,Official figure,
QCL,Crops and livestock products,840,United States of America,5510,Production,1318,Pineapples,2002,2002,t,290301,A,Official figure,
QCL,Crops and livestock products,840,United States of America,5510,Production,1318,Pineapples,2003,2003,t,272156,A,Official figure,
QCL,Crops and livestock products,840,United States of America,5510,Production,1318,Pineapples,2004,2004,t,199581,A,Official figure,
QCL,Crops and livestock products,840,United States of America,5510,Production,1318,Pineapples,2005,2005,t,192323,A,Official figure,
QCL,Crops and livestock products,840,United States of America,5510,Production,1318,Pineapples,2006,2006,t,170551,A,Official figure,
QCL,Crops and livestock products,840,United States of America,5510,Production,1318,Pineapples,2007,2007,t,172000,E,Estimated value,
QCL,Crops and livestock products,840,United States of America,5510,Production,1318,Pineapples,2008,2008,t,180000,E,Estimated value,
QCL,Crops and livestock products,840,United States of America,5510,Production,1318,Pineapples,2009,2009,t,200000,E,Estimated value,
QCL,Crops and livestock products,840,United States of America,5510,Production,1318,Pineapples,2010,2010,t,184443.75,I,Value imputed by a receiving agency,
QCL,Crops and livestock products,840,United States of America,5510,Production,1318,Pineapples,2011,2011,t,176000,E,Estimated value,
QCL,Crops and livestock products,840,United States of America,5510,Production,1318,Pineapples,2012,2012,t,180000,E,Estimated value,
QCL,Crops and livestock products,840,United States of America,5510,Production,1318,Pineapples,2013,2013,t,172000,E,Estimated value,
QCL,Crops and livestock products,840,United States of America,5510,Production,1318,Pineapples,2014,2014,t,175000,E,Estimated value,
QCL,Crops and livestock products,840,United States of America,5510,Production,1318,Pineapples,2015,2015,t,162429.31,I,Value imputed by a receiving agency,
QCL,Crops and livestock products,840,United States of America,5510,Production,1318,Pineapples,2016,2016,t,169809.77,E,Estimated value,
QCL,Crops and livestock products,840,United States of America,5510,Production,1318,Pineapples,2017,2017,t,169079.7,E,Estimated value,
QCL,Crops and livestock products,840,United States of America,5510,Production,1318,Pineapples,2018,2018,t,167106.26,E,Estimated value,
QCL,Crops and livestock products,840,United States of America,5510,Production,1318,Pineapples,2019,2019,t,168665.24,E,Estimated value,
QCL,Crops and livestock products,840,United States of America,5510,Production,1318,Pineapples,2020,2020,t,168283.73,E,Estimated value,
QCL,Crops and livestock products,840,United States of America,5510,Production,1318,Pineapples,2021,2021,t,168018.41,E,Estimated value,
QCL,Crops and livestock products,840,United States of America,5510,Production,1318,Pineapples,2022,2022,t,168322.46,E,Estimated value,
QCL,Crops and livestock products,840,United States of America,5510,Production,1318,Pineapples,2023,2023,t,168208.2,E,Estimated value,
QCL,Crops and livestock products,840,United States of America,5510,Production,1318,Pineapples,2024,2024,t,168183.03,E,Estimated value,
QCL,Crops and livestock products,840,United States of America,5510,Production,1375,"Pistachios, in shell",2000,2000,t,110220,A,Official figure,
QCL,Crops and livestock products,840,United States of America,5510,Production,1375,"Pistachios, in shell",2001,2001,t,73030,A,Official figure,
QCL,Crops and livestock products,840,United States of America,5510,Production,1375,"Pistachios, in shell",2002,2002,t,137440,A,Official figure,
QCL,Crops and livestock products,840,United States of America,5510,Production,1375,"Pistachios, in shell",2003,2003,t,53980,A,Official figure,
QCL,Crops and livestock products,840,United States of America,5510,Production,1375,"Pistachios, in shell",2004,2004,t,157397,A,Official figure,
QCL,Crops and livestock products,840,United States of America,5510,Production,1375,"Pistachios, in shell",2005,2005,t,128367,A,Official figure,
QCL,Crops and livestock products,840,United States of America,5510,Production,1375,"Pistachios, in shell",2006,2006,t,107955,A,Official figure,
QCL,Crops and livestock products,840,United States of America,5510,Production,1375,"Pistachios, in shell",2007,2007,t,188696,A,Official figure,
QCL,Crops and livestock products,840,United States of America,5510,Production,1375,"Pistachios, in shell",2008,2008,t,126100,A,Official figure,
QCL,Crops and livestock products,840,United States of America,5510,Production,1375,"Pistachios, in shell",2009,2009,t,161025,A,Official figure,
QCL,Crops and livestock products,840,United States of America,5510,Production,1375,"Pistachios, in shell",2010,2010,t,236775,A,Official figure,
QCL,Crops and livestock products,840,United States of America,5510,Production,1375,"Pistachios, in shell",2011,2011,t,201395,A,Official figure,
QCL,Crops and livestock products,840,United States of America,5510,Production,1375,"Pistachios, in shell",2012,2012,t,275500,A,Official figure,
QCL,Crops and livestock products,840,United States of America,5510,Production,1375,"Pistachios, in shell",2013,2013,t,213188,A,Official figure,
QCL,Crops and livestock products,840,United States of America,5510,Production,1375,"Pistachios, in shell",2014,2014,t,233146,A,Official figure,
QCL,Crops and livestock products,840,United States of America,5510,Production,1375,"Pistachios, in shell",2015,2015,t,122470,A,Official figure,
QCL,Crops and livestock products,840,United States of America,5510,Production,1375,"Pistachios, in shell",2016,2016,t,406646,A,Official figure,
QCL,Crops and livestock products,840,United States of America,5510,Production,1375,"Pistachios, in shell",2017,2017,t,272290,A,Official figure,
QCL,Crops and livestock products,840,United States of America,5510,Production,1375,"Pistachios, in shell",2018,2018,t,447700,A,Official figure,
QCL,Crops and livestock products,840,United States of America,5510,Production,1375,"Pistachios, in shell",2019,2019,t,336112.04,A,Official figure,
QCL,Crops and livestock products,840,United States of America,5510,Production,1375,"Pistachios, in shell",2020,2020,t,474000,A,Official figure,
QCL,Crops and livestock products,840,United States of America,5510,Production,1375,"Pistachios, in shell",2021,2021,t,523900,A,Official figure,
QCL,Crops and livestock products,840,United States of America,5510,Production,1375,"Pistachios, in shell",2022,2022,t,400070,A,Official figure,
QCL,Crops and livestock products,840,United States of America,5510,Production,1375,"Pistachios, in shell",2023,2023,t,675850,A,Official figure,
QCL,Crops and livestock products,840,United States of America,5510,Production,1375,"Pistachios, in shell",2024,2024,t,498950,A,Official figure,
QCL,Crops and livestock products,840,United States of America,5510,Production,1346,Plums and sloes,2000,2000,t,767474,A,Official figure,
QCL,Crops and livestock products,840,United States of America,5510,Production,1346,Plums and sloes,2001,2001,t,552654,A,Official figure,
QCL,Crops and livestock products,840,United States of America,5510,Production,1346,Plums and sloes,2002,2002,t,642873,A,Official figure,
QCL,Crops and livestock products,840,United States of America,5510,Production,1346,Plums and sloes,2003,2003,t,708650,A,Official figure,
QCL,Crops and livestock products,840,United States of America,5510,Production,1346,Plums and sloes,2004,2004,t,292112,A,Official figure,
QCL,Crops and livestock products,840,United States of America,5510,Production,1346,Plums and sloes,2005,2005,t,423472,A,Official figure,
QCL,Crops and livestock products,840,United States of America,5510,Production,1346,Plums and sloes,2006,2006,t,711501,A,Official figure,
QCL,Crops and livestock products,840,United States of America,5510,Production,1346,Plums and sloes,2007,2007,t,361965,A,Official figure,
QCL,Crops and livestock products,840,United States of America,5510,Production,1346,Plums and sloes,2008,2008,t,493052,A,Official figure,
QCL,Crops and livestock products,840,United States of America,5510,Production,1346,Plums and sloes,2009,2009,t,568439,A,Official figure,
QCL,Crops and livestock products,840,United States of America,5510,Production,1346,Plums and sloes,2010,2010,t,493597,A,Official figure,
QCL,Crops and livestock products,840,United States of America,5510,Production,1346,Plums and sloes,2011,2011,t,560002,A,Official figure,
QCL,Crops and livestock products,840,United States of America,5510,Production,1346,Plums and sloes,2012,2012,t,511681,A,Official figure,
QCL,Crops and livestock products,840,United States of America,5510,Production,1346,Plums and sloes,2013,2013,t,330068,A,Official figure,
QCL,Crops and livestock products,840,United States of America,5510,Production,1346,Plums and sloes,2014,2014,t,409864,A,Official figure,
QCL,Crops and livestock products,840,United States of America,5510,Production,1346,Plums and sloes,2015,2015,t,434680,A,Official figure,
QCL,Crops and livestock products,840,United States of America,5510,Production,1346,Plums and sloes,2016,2016,t,240770,A,Official figure,
QCL,Crops and livestock products,840,United States of America,5510,Production,1346,Plums and sloes,2017,2017,t,402250,A,Official figure,
QCL,Crops and livestock products,840,United States of America,5510,Production,1346,Plums and sloes,2018,2018,t,345000,A,Official figure,
QCL,Crops and livestock products,840,United States of America,5510,Production,1346,Plums and sloes,2019,2019,t,327950,A,Official figure,
QCL,Crops and livestock products,840,United States of America,5510,Production,1346,Plums and sloes,2020,2020,t,245380,A,Official figure,
QCL,Crops and livestock products,840,United States of America,5510,Production,1346,Plums and sloes,2021,2021,t,292020,A,Official figure,
QCL,Crops and livestock products,840,United States of America,5510,Production,1346,Plums and sloes,2022,2022,t,254470,A,Official figure,
QCL,Crops and livestock products,840,United States of America,5510,Production,1346,Plums and sloes,2023,2023,t,323230,A,Official figure,
QCL,Crops and livestock products,840,United States of America,5510,Production,1346,Plums and sloes,2024,2024,t,295380,A,Official figure,
QCL,Crops and livestock products,840,United States of America,5510,Production,1321,Pomelos and grapefruits,2000,2000,t,2505640,A,Official figure,
QCL,Crops and livestock products,840,United States of America,5510,Production,1321,Pomelos and grapefruits,2001,2001,t,2233490,A,Official figure,
QCL,Crops and livestock products,840,United States of America,5510,Production,1321,Pomelos and grapefruits,2002,2002,t,2199020,A,Official figure,
QCL,Crops and livestock products,840,United States of America,5510,Production,1321,Pomelos and grapefruits,2003,2003,t,1871523,A,Official figure,
QCL,Crops and livestock products,840,United States of America,5510,Production,1321,Pomelos and grapefruits,2004,2004,t,1964056,A,Official figure,
QCL,Crops and livestock products,840,United States of America,5510,Production,1321,Pomelos and grapefruits,2005,2005,t,923510,A,Official figure,
QCL,Crops and livestock products,840,United States of America,5510,Production,1321,Pomelos and grapefruits,2006,2006,t,1117650,A,Official figure,
QCL,Crops and livestock products,840,United States of America,5510,Production,1321,Pomelos and grapefruits,2007,2007,t,1474786,A,Official figure,
QCL,Crops and livestock products,840,United States of America,5510,Production,1321,Pomelos and grapefruits,2008,2008,t,1404320,A,Official figure,
QCL,Crops and livestock products,840,United States of America,5510,Production,1321,Pomelos and grapefruits,2009,2009,t,1182970,A,Official figure,
QCL,Crops and livestock products,840,United States of America,5510,Production,1321,Pomelos and grapefruits,2010,2010,t,1123095,A,Official figure,
QCL,Crops and livestock products,840,United States of America,5510,Production,1321,Pomelos and grapefruits,2011,2011,t,1146683,A,Official figure,
QCL,Crops and livestock products,840,United States of America,5510,Production,1321,Pomelos and grapefruits,2012,2012,t,1204000,A,Official figure,
QCL,Crops and livestock products,840,United States of America,5510,Production,1321,Pomelos and grapefruits,2013,2013,t,1092250,A,Official figure,
QCL,Crops and livestock products,840,United States of America,5510,Production,1321,Pomelos and grapefruits,2014,2014,t,949822,A,Official figure,
QCL,Crops and livestock products,840,United States of America,5510,Production,1321,Pomelos and grapefruits,2015,2015,t,825540,A,Official figure,
QCL,Crops and livestock products,840,United States of America,5510,Production,1321,Pomelos and grapefruits,2016,2016,t,728470,A,Official figure,
QCL,Crops and livestock products,840,United States of America,5510,Production,1321,Pomelos and grapefruits,2017,2017,t,633210,A,Official figure,
QCL,Crops and livestock products,840,United States of America,5510,Production,1321,Pomelos and grapefruits,2018,2018,t,461760,A,Official figure,
QCL,Crops and livestock products,840,United States of America,5510,Production,1321,Pomelos and grapefruits,2019,2019,t,547940,A,Official figure,
QCL,Crops and livestock products,840,United States of America,5510,Production,1321,Pomelos and grapefruits,2020,2020,t,517100,A,Official figure,
QCL,Crops and livestock products,840,United States of America,5510,Production,1321,Pomelos and grapefruits,2021,2021,t,397350,A,Official figure,
QCL,Crops and livestock products,840,United States of America,5510,Production,1321,Pomelos and grapefruits,2022,2022,t,339290,A,Official figure,
QCL,Crops and livestock products,840,United States of America,5510,Production,1321,Pomelos and grapefruits,2023,2023,t,314790,A,Official figure,
QCL,Crops and livestock products,840,United States of America,5510,Production,1321,Pomelos and grapefruits,2024,2024,t,312070,A,Official figure,
QCL,Crops and livestock products,840,United States of America,5510,Production,1510,Potatoes,2000,2000,t,23293964,A,Official figure,
QCL,Crops and livestock products,840,United States of America,5510,Production,1510,Potatoes,2001,2001,t,19852512,A,Official figure,
QCL,Crops and livestock products,840,United States of America,5510,Production,1510,Potatoes,2002,2002,t,20782288,A,Official figure,
QCL,Crops and livestock products,840,United States of America,5510,Production,1510,Potatoes,2003,2003,t,20783556,A,Official figure,
QCL,Crops and livestock products,840,United States of America,5510,Production,1510,Potatoes,2004,2004,t,20675012,A,Official figure,
QCL,Crops and livestock products,840,United States of America,5510,Production,1510,Potatoes,2005,2005,t,19222700,A,Official figure,
QCL,Crops and livestock products,840,United States of America,5510,Production,1510,Potatoes,2006,2006,t,19989724,A,Official figure,
QCL,Crops and livestock products,840,United States of America,5510,Production,1510,Potatoes,2007,2007,t,20179192,A,Official figure,
QCL,Crops and livestock products,840,United States of America,5510,Production,1510,Potatoes,2008,2008,t,18826578,A,Official figure,
QCL,Crops and livestock products,840,United States of America,5510,Production,1510,Potatoes,2009,2009,t,19622476,A,Official figure,
QCL,Crops and livestock products,840,United States of America,5510,Production,1510,Potatoes,2010,2010,t,18350034,A,Official figure,
QCL,Crops and livestock products,840,United States of America,5510,Production,1510,Potatoes,2011,2011,t,19506150,A,Official figure,
QCL,Crops and livestock products,840,United States of America,5510,Production,1510,Potatoes,2012,2012,t,21090685,A,Official figure,
QCL,Crops and livestock products,840,United States of America,5510,Production,1510,Potatoes,2013,2013,t,19715480,A,Official figure,
QCL,Crops and livestock products,840,United States of America,5510,Production,1510,Potatoes,2014,2014,t,20056500,A,Official figure,
QCL,Crops and livestock products,840,United States of America,5510,Production,1510,Potatoes,2015,2015,t,20012720,A,Official figure,
QCL,Crops and livestock products,840,United States of America,5510,Production,1510,Potatoes,2016,2016,t,20426359,A,Official figure,
QCL,Crops and livestock products,840,United States of America,5510,Production,1510,Potatoes,2017,2017,t,20453430,A,Official figure,
QCL,Crops and livestock products,840,United States of America,5510,Production,1510,Potatoes,2018,2018,t,20421560,A,Official figure,
QCL,Crops and livestock products,840,United States of America,5510,Production,1510,Potatoes,2019,2019,t,19251320,A,Official figure,
QCL,Crops and livestock products,840,United States of America,5510,Production,1510,Potatoes,2020,2020,t,19051790,A,Official figure,
QCL,Crops and livestock products,840,United States of America,5510,Production,1510,Potatoes,2021,2021,t,18717000,A,Official figure,
QCL,Crops and livestock products,840,United States of America,5510,Production,1510,Potatoes,2022,2022,t,18236860,A,Official figure,
QCL,Crops and livestock products,840,United States of America,5510,Production,1510,Potatoes,2023,2023,t,19992090,A,Official figure,
QCL,Crops and livestock products,840,United States of America,5510,Production,1510,Potatoes,2024,2024,t,19061860,A,Official figure,
QCL,Crops and livestock products,840,United States of America,5510,Production,1235,"Pumpkins, squash and gourds",2000,2000,t,805620,A,Official figure,
QCL,Crops and livestock products,840,United States of America,5510,Production,1235,"Pumpkins, squash and gourds",2001,2001,t,721800,A,Official figure,
QCL,Crops and livestock products,840,United States of America,5510,Production,1235,"Pumpkins, squash and gourds",2002,2002,t,784760,A,Official figure,
QCL,Crops and livestock products,840,United States of America,5510,Production,1235,"Pumpkins, squash and gourds",2003,2003,t,718300,A,Official figure,
QCL,Crops and livestock products,840,United States of America,5510,Production,1235,"Pumpkins, squash and gourds",2004,2004,t,786393,A,Official figure,
QCL,Crops and livestock products,840,United States of America,5510,Production,1235,"Pumpkins, squash and gourds",2005,2005,t,825311,A,Official figure,
QCL,Crops and livestock products,840,United States of America,5510,Production,1235,"Pumpkins, squash and gourds",2006,2006,t,835971,A,Official figure,
QCL,Crops and livestock products,840,United States of America,5510,Production,1235,"Pumpkins, squash and gourds",2007,2007,t,803947,A,Official figure,
QCL,Crops and livestock products,840,United States of America,5510,Production,1235,"Pumpkins, squash and gourds",2008,2008,t,786980,A,Official figure,
QCL,Crops and livestock products,840,United States of America,5510,Production,1235,"Pumpkins, squash and gourds",2009,2009,t,749880,A,Official figure,
QCL,Crops and livestock products,840,United States of America,5510,Production,1235,"Pumpkins, squash and gourds",2010,2010,t,792700,A,Official figure,
QCL,Crops and livestock products,840,United States of America,5510,Production,1235,"Pumpkins, squash and gourds",2011,2011,t,814335,A,Official figure,
QCL,Crops and livestock products,840,United States of America,5510,Production,1235,"Pumpkins, squash and gourds",2012,2012,t,880190,A,Official figure,
QCL,Crops and livestock products,840,United States of America,5510,Production,1235,"Pumpkins, squash and gourds",2013,2013,t,787880,A,Official figure,
QCL,Crops and livestock products,840,United States of America,5510,Production,1235,"Pumpkins, squash and gourds",2014,2014,t,863460,A,Official figure,
QCL,Crops and livestock products,840,United States of America,5510,Production,1235,"Pumpkins, squash and gourds",2015,2015,t,614760,A,Official figure,
QCL,Crops and livestock products,840,United States of America,5510,Production,1235,"Pumpkins, squash and gourds",2016,2016,t,779317,A,Official figure,
QCL,Crops and livestock products,840,United States of America,5510,Production,1235,"Pumpkins, squash and gourds",2017,2017,t,722100,A,Official figure,
QCL,Crops and livestock products,840,United States of America,5510,Production,1235,"Pumpkins, squash and gourds",2018,2018,t,698850,A,Official figure,
QCL,Crops and livestock products,840,United States of America,5510,Production,1235,"Pumpkins, squash and gourds",2019,2019,t,931584,A,Official figure,
QCL,Crops and livestock products,840,United States of America,5510,Production,1235,"Pumpkins, squash and gourds",2020,2020,t,902517,A,Official figure,
QCL,Crops and livestock products,840,United States of America,5510,Production,1235,"Pumpkins, squash and gourds",2021,2021,t,1074053,A,Official figure,
QCL,Crops and livestock products,840,United States of America,5510,Production,1235,"Pumpkins, squash and gourds",2022,2022,t,1086173,A,Official figure,
QCL,Crops and livestock products,840,United States of America,5510,Production,1235,"Pumpkins, squash and gourds",2023,2023,t,998008,A,Official figure,
QCL,Crops and livestock products,840,United States of America,5510,Production,1235,"Pumpkins, squash and gourds",2024,2024,t,934922,A,Official figure,
QCL,Crops and livestock products,840,United States of America,5510,Production,1443,Rape or colza seed,2000,2000,t,909026,A,Official figure,
QCL,Crops and livestock products,840,United States of America,5510,Production,1443,Rape or colza seed,2001,2001,t,908350,A,Official figure,
QCL,Crops and livestock products,840,United States of America,5510,Production,1443,Rape or colza seed,2002,2002,t,697367,A,Official figure,
QCL,Crops and livestock products,840,United States of America,5510,Production,1443,Rape or colza seed,2003,2003,t,686462,A,Official figure,
QCL,Crops and livestock products,840,United States of America,5510,Production,1443,Rape or colza seed,2004,2004,t,612533,A,Official figure,
QCL,Crops and livestock products,840,United States of America,5510,Production,1443,Rape or colza seed,2005,2005,t,718484,A,Official figure,
QCL,Crops and livestock products,840,United States of America,5510,Production,1443,Rape or colza seed,2006,2006,t,632948,A,Official figure,
QCL,Crops and livestock products,840,United States of America,5510,Production,1443,Rape or colza seed,2007,2007,t,649519,A,Official figure,
QCL,Crops and livestock products,840,United States of America,5510,Production,1443,Rape or colza seed,2008,2008,t,655610,A,Official figure,
QCL,Crops and livestock products,840,United States of America,5510,Production,1443,Rape or colza seed,2009,2009,t,665100,A,Official figure,
QCL,Crops and livestock products,840,United States of America,5510,Production,1443,Rape or colza seed,2010,2010,t,1112120,A,Official figure,
QCL,Crops and livestock products,840,United States of America,5510,Production,1443,Rape or colza seed,2011,2011,t,694370,A,Official figure,
QCL,Crops and livestock products,840,United States of America,5510,Production,1443,Rape or colza seed,2012,2012,t,1086862,A,Official figure,
QCL,Crops and livestock products,840,United States of America,5510,Production,1443,Rape or colza seed,2013,2013,t,1003550,A,Official figure,
QCL,Crops and livestock products,840,United States of America,5510,Production,1443,Rape or colza seed,2014,2014,t,1140892,A,Official figure,
QCL,Crops and livestock products,840,United States of America,5510,Production,1443,Rape or colza seed,2015,2015,t,1306000,A,Official figure,
QCL,Crops and livestock products,840,United States of America,5510,Production,1443,Rape or colza seed,2016,2016,t,1405370,A,Official figure,
QCL,Crops and livestock products,840,United States of America,5510,Production,1443,Rape or colza seed,2017,2017,t,1394190,A,Official figure,
QCL,Crops and livestock products,840,United States of America,5510,Production,1443,Rape or colza seed,2018,2018,t,1643670,A,Official figure,
QCL,Crops and livestock products,840,United States of America,5510,Production,1443,Rape or colza seed,2019,2019,t,1552800,A,Official figure,
QCL,Crops and livestock products,840,United States of America,5510,Production,1443,Rape or colza seed,2020,2020,t,1575310,A,Official figure,
QCL,Crops and livestock products,840,United States of America,5510,Production,1443,Rape or colza seed,2021,2021,t,1242150,A,Official figure,
QCL,Crops and livestock products,840,United States of America,5510,Production,1443,Rape or colza seed,2022,2022,t,1739280,A,Official figure,
QCL,Crops and livestock products,840,United States of America,5510,Production,1443,Rape or colza seed,2023,2023,t,1894950,A,Official figure,
QCL,Crops and livestock products,840,United States of America,5510,Production,1443,Rape or colza seed,2024,2024,t,2207060,A,Official figure,
QCL,Crops and livestock products,840,United States of America,5510,Production,01353.01,Raspberries,2000,2000,t,48965,A,Official figure,
QCL,Crops and livestock products,840,United States of America,5510,Production,01353.01,Raspberries,2001,2001,t,51964,A,Official figure,
QCL,Crops and livestock products,840,United States of America,5510,Production,01353.01,Raspberries,2002,2002,t,51637,A,Official figure,
QCL,Crops and livestock products,840,United States of America,5510,Production,01353.01,Raspberries,2003,2003,t,62051,A,Official figure,
QCL,Crops and livestock products,840,United States of America,5510,Production,01353.01,Raspberries,2004,2004,t,71885,A,Official figure,
QCL,Crops and livestock products,840,United States of America,5510,Production,01353.01,Raspberries,2005,2005,t,82798,A,Official figure,
QCL,Crops and livestock products,840,United States of America,5510,Production,01353.01,Raspberries,2006,2006,t,74843,A,Official figure,
QCL,Crops and livestock products,840,United States of America,5510,Production,01353.01,Raspberries,2007,2007,t,64659,A,Official figure,
QCL,Crops and livestock products,840,United States of America,5510,Production,01353.01,Raspberries,2008,2008,t,67843,A,Official figure,
QCL,Crops and livestock products,840,United States of America,5510,Production,01353.01,Raspberries,2009,2009,t,89689,A,Official figure,
QCL,Crops and livestock products,840,United States of America,5510,Production,01353.01,Raspberries,2010,2010,t,67531,A,Official figure,
QCL,Crops and livestock products,840,United States of America,5510,Production,01353.01,Raspberries,2011,2011,t,85516,A,Official figure,
QCL,Crops and livestock products,840,United States of America,5510,Production,01353.01,Raspberries,2012,2012,t,76498,A,Official figure,
QCL,Crops and livestock products,840,United States of America,5510,Production,01353.01,Raspberries,2013,2013,t,83280,A,Official figure,
QCL,Crops and livestock products,840,United States of America,5510,Production,01353.01,Raspberries,2014,2014,t,103510,A,Official figure,
QCL,Crops and livestock products,840,United States of America,5510,Production,01353.01,Raspberries,2015,2015,t,119295,A,Official figure,
QCL,Crops and livestock products,840,United States of America,5510,Production,01353.01,Raspberries,2016,2016,t,117177,A,Official figure,
QCL,Crops and livestock products,840,United States of America,5510,Production,01353.01,Raspberries,2017,2017,t,102840,A,Official figure,
QCL,Crops and livestock products,840,United States of America,5510,Production,01353.01,Raspberries,2018,2018,t,99250,A,Official figure,
QCL,Crops and livestock products,840,United States of America,5510,Production,01353.01,Raspberries,2019,2019,t,97250.23,A,Official figure,
QCL,Crops and livestock products,840,United States of America,5510,Production,01353.01,Raspberries,2020,2020,t,100700,A,Official figure,
QCL,Crops and livestock products,840,United States of America,5510,Production,01353.01,Raspberries,2021,2021,t,74250,A,Official figure,
QCL,Crops and livestock products,840,United States of America,5510,Production,01353.01,Raspberries,2022,2022,t,73070,A,Official figure,
QCL,Crops and livestock products,840,United States of America,5510,Production,01353.01,Raspberries,2023,2023,t,62640,A,Official figure,
QCL,Crops and livestock products,840,United States of America,5510,Production,01353.01,Raspberries,2024,2024,t,82080,A,Official figure,
QCL,Crops and livestock products,840,United States of America,5510,Production,113,Rice,2000,2000,t,8657810,A,Official figure,
QCL,Crops and livestock products,840,United States of America,5510,Production,113,Rice,2001,2001,t,9764480,A,Official figure,
QCL,Crops and livestock products,840,United States of America,5510,Production,113,Rice,2002,2002,t,9568990,A,Official figure,
QCL,Crops and livestock products,840,United States of America,5510,Production,113,Rice,2003,2003,t,9067180,A,Official figure,
QCL,Crops and livestock products,840,United States of America,5510,Production,113,Rice,2004,2004,t,10539760,A,Official figure,
QCL,Crops and livestock products,840,United States of America,5510,Production,113,Rice,2005,2005,t,10107540,A,Official figure,
QCL,Crops and livestock products,840,United States of America,5510,Production,113,Rice,2006,2006,t,8826230,A,Official figure,
QCL,Crops and livestock products,840,United States of America,5510,Production,113,Rice,2007,2007,t,8998730,A,Official figure,
QCL,Crops and livestock products,840,United States of America,5510,Production,113,Rice,2008,2008,t,9241170,A,Official figure,
QCL,Crops and livestock products,840,United States of America,5510,Production,113,Rice,2009,2009,t,9972230,A,Official figure,
QCL,Crops and livestock products,840,United States of America,5510,Production,113,Rice,2010,2010,t,11027010,A,Official figure,
QCL,Crops and livestock products,840,United States of America,5510,Production,113,Rice,2011,2011,t,8388780,A,Official figure,
QCL,Crops and livestock products,840,United States of America,5510,Production,113,Rice,2012,2012,t,9069080,A,Official figure,
QCL,Crops and livestock products,840,United States of America,5510,Production,113,Rice,2013,2013,t,8616120,A,Official figure,
QCL,Crops and livestock products,840,United States of America,5510,Production,113,Rice,2014,2014,t,10079500,A,Official figure,
QCL,Crops and livestock products,840,United States of America,5510,Production,113,Rice,2015,2015,t,8724530,A,Official figure,
QCL,Crops and livestock products,840,United States of America,5510,Production,113,Rice,2016,2016,t,10167050,A,Official figure,
QCL,Crops and livestock products,840,United States of America,5510,Production,113,Rice,2017,2017,t,8084290,A,Official figure,
QCL,Crops and livestock products,840,United States of America,5510,Production,113,Rice,2018,2018,t,10152890,A,Official figure,
QCL,Crops and livestock products,840,United States of America,5510,Production,113,Rice,2019,2019,t,8396180,A,Official figure,
QCL,Crops and livestock products,840,United States of America,5510,Production,113,Rice,2020,2020,t,10319860,A,Official figure,
QCL,Crops and livestock products,840,United States of America,5510,Production,113,Rice,2021,2021,t,8665970,A,Official figure,
QCL,Crops and livestock products,840,United States of America,5510,Production,113,Rice,2022,2022,t,7259340,A,Official figure,
QCL,Crops and livestock products,840,United States of America,5510,Production,113,Rice,2023,2023,t,9901510,A,Official figure,
QCL,Crops and livestock products,840,United States of America,5510,Production,113,Rice,2024,2024,t,10075780,A,Official figure,
QCL,Crops and livestock products,840,United States of America,5510,Production,116,Rye,2000,2000,t,213010,A,Official figure,
QCL,Crops and livestock products,840,United States of America,5510,Production,116,Rye,2001,2001,t,175170,A,Official figure,
QCL,Crops and livestock products,840,United States of America,5510,Production,116,Rye,2002,2002,t,164800,A,Official figure,
QCL,Crops and livestock products,840,United States of America,5510,Production,116,Rye,2003,2003,t,219310,A,Official figure,
QCL,Crops and livestock products,840,United States of America,5510,Production,116,Rye,2004,2004,t,209690,A,Official figure,
QCL,Crops and livestock products,840,United States of America,5510,Production,116,Rye,2005,2005,t,191450,A,Official figure,
QCL,Crops and livestock products,840,United States of America,5510,Production,116,Rye,2006,2006,t,182710,A,Official figure,
QCL,Crops and livestock products,840,United States of America,5510,Production,116,Rye,2007,2007,t,160310,A,Official figure,
QCL,Crops and livestock products,840,United States of America,5510,Production,116,Rye,2008,2008,t,211210,A,Official figure,
QCL,Crops and livestock products,840,United States of America,5510,Production,116,Rye,2009,2009,t,172500,A,Official figure,
QCL,Crops and livestock products,840,United States of America,5510,Production,116,Rye,2010,2010,t,190000,A,Official figure,
QCL,Crops and livestock products,840,United States of America,5510,Production,116,Rye,2011,2011,t,153700,A,Official figure,
QCL,Crops and livestock products,840,United States of America,5510,Production,116,Rye,2012,2012,t,166170,A,Official figure,
QCL,Crops and livestock products,840,United States of America,5510,Production,116,Rye,2013,2013,t,193710,A,Official figure,
QCL,Crops and livestock products,840,United States of America,5510,Production,116,Rye,2014,2014,t,182610,A,Official figure,
QCL,Crops and livestock products,840,United States of America,5510,Production,116,Rye,2015,2015,t,292010,A,Official figure,
QCL,Crops and livestock products,840,United States of America,5510,Production,116,Rye,2016,2016,t,290379,A,Official figure,
QCL,Crops and livestock products,840,United States of America,5510,Production,116,Rye,2017,2017,t,260410,A,Official figure,
QCL,Crops and livestock products,840,United States of America,5510,Production,116,Rye,2018,2018,t,214180,A,Official figure,
QCL,Crops and livestock products,840,United States of America,5510,Production,116,Rye,2019,2019,t,269810,A,Official figure,
QCL,Crops and livestock products,840,United States of America,5510,Production,116,Rye,2020,2020,t,292930,A,Official figure,
QCL,Crops and livestock products,840,United States of America,5510,Production,116,Rye,2021,2021,t,249130,A,Official figure,
QCL,Crops and livestock products,840,United States of America,5510,Production,116,Rye,2022,2022,t,316320,A,Official figure,
QCL,Crops and livestock products,840,United States of America,5510,Production,116,Rye,2023,2023,t,263540,A,Official figure,
QCL,Crops and livestock products,840,United States of America,5510,Production,116,Rye,2024,2024,t,374130,A,Official figure,
QCL,Crops and livestock products,840,United States of America,5510,Production,1446,Safflower seed,2000,2000,t,128160,A,Official figure,
QCL,Crops and livestock products,840,United States of America,5510,Production,1446,Safflower seed,2001,2001,t,108982,A,Official figure,
QCL,Crops and livestock products,840,United States of America,5510,Production,1446,Safflower seed,2002,2002,t,120451,A,Official figure,
QCL,Crops and livestock products,840,United States of America,5510,Production,1446,Safflower seed,2003,2003,t,124627,A,Official figure,
QCL,Crops and livestock products,840,United States of America,5510,Production,1446,Safflower seed,2004,2004,t,86802,A,Official figure,
QCL,Crops and livestock products,840,United States of America,5510,Production,1446,Safflower seed,2005,2005,t,99334,A,Official figure,
QCL,Crops and livestock products,840,United States of America,5510,Production,1446,Safflower seed,2006,2006,t,89337,A,Official figure,
QCL,Crops and livestock products,840,United States of America,5510,Production,1446,Safflower seed,2007,2007,t,95547,A,Official figure,
QCL,Crops and livestock products,840,United States of America,5510,Production,1446,Safflower seed,2008,2008,t,140810,A,Official figure,
QCL,Crops and livestock products,840,United States of America,5510,Production,1446,Safflower seed,2009,2009,t,109760,A,Official figure,
QCL,Crops and livestock products,840,United States of America,5510,Production,1446,Safflower seed,2010,2010,t,100400,A,Official figure,
QCL,Crops and livestock products,840,United States of America,5510,Production,1446,Safflower seed,2011,2011,t,76960,A,Official figure,
QCL,Crops and livestock products,840,United States of America,5510,Production,1446,Safflower seed,2012,2012,t,78900,A,Official figure,
QCL,Crops and livestock products,840,United States of America,5510,Production,1446,Safflower seed,2013,2013,t,95360,A,Official figure,
QCL,Crops and livestock products,840,United States of America,5510,Production,1446,Safflower seed,2014,2014,t,94640,A,Official figure,
QCL,Crops and livestock products,840,United States of America,5510,Production,1446,Safflower seed,2015,2015,t,97180,A,Official figure,
QCL,Crops and livestock products,840,United States of America,5510,Production,1446,Safflower seed,2016,2016,t,99170,A,Official figure,
QCL,Crops and livestock products,840,United States of America,5510,Production,1446,Safflower seed,2017,2017,t,79840,A,Official figure,
QCL,Crops and livestock products,840,United States of America,5510,Production,1446,Safflower seed,2018,2018,t,107170,A,Official figure,
QCL,Crops and livestock products,840,United States of America,5510,Production,1446,Safflower seed,2019,2019,t,87500,A,Official figure,
QCL,Crops and livestock products,840,United States of America,5510,Production,1446,Safflower seed,2020,2020,t,69000,A,Official figure,
QCL,Crops and livestock products,840,United States of America,5510,Production,1446,Safflower seed,2021,2021,t,59740,A,Official figure,
QCL,Crops and livestock products,840,United States of America,5510,Production,1446,Safflower seed,2022,2022,t,73230,A,Official figure,
QCL,Crops and livestock products,840,United States of America,5510,Production,1446,Safflower seed,2023,2023,t,59230,A,Official figure,
QCL,Crops and livestock products,840,United States of America,5510,Production,1446,Safflower seed,2024,2024,t,58780,A,Official figure,
QCL,Crops and livestock products,840,United States of America,5510,Production,01921.01,"Seed cotton, unginned",2000,2000,t,9580630,A,Official figure,
QCL,Crops and livestock products,840,United States of America,5510,Production,01921.01,"Seed cotton, unginned",2001,2001,t,11180979,A,Official figure,
QCL,Crops and livestock products,840,United States of America,5510,Production,01921.01,"Seed cotton, unginned",2002,2002,t,9356670,A,Official figure,
QCL,Crops and livestock products,840,United States of America,5510,Production,01921.01,"Seed cotton, unginned",2003,2003,t,10020620,A,Official figure,
QCL,Crops and livestock products,840,United States of America,5510,Production,01921.01,"Seed cotton, unginned",2004,2004,t,12539350,A,Official figure,
QCL,Crops and livestock products,840,United States of America,5510,Production,01921.01,"Seed cotton, unginned",2005,2005,t,12876180,A,Official figure,
QCL,Crops and livestock products,840,United States of America,5510,Production,01921.01,"Seed cotton, unginned",2006,2006,t,11654560,A,Official figure,
QCL,Crops and livestock products,840,United States of America,5510,Production,01921.01,"Seed cotton, unginned",2007,2007,t,10158983,A,Official figure,
QCL,Crops and livestock products,840,United States of America,5510,Production,01921.01,"Seed cotton, unginned",2008,2008,t,6691370,A,Official figure,
QCL,Crops and livestock products,840,United States of America,5510,Production,01921.01,"Seed cotton, unginned",2009,2009,t,6417250,A,Official figure,
QCL,Crops and livestock products,840,United States of America,5510,Production,01921.01,"Seed cotton, unginned",2010,2010,t,9473800,A,Official figure,
QCL,Crops and livestock products,840,United States of America,5510,Production,01921.01,"Seed cotton, unginned",2011,2011,t,9743176,A,Official figure,
QCL,Crops and livestock products,840,United States of America,5510,Production,01921.01,"Seed cotton, unginned",2012,2012,t,10280230,A,Official figure,
QCL,Crops and livestock products,840,United States of America,5510,Production,01921.01,"Seed cotton, unginned",2013,2013,t,7625804,A,Official figure,
QCL,Crops and livestock products,840,United States of America,5510,Production,01921.01,"Seed cotton, unginned",2014,2014,t,9791640,A,Official figure,
QCL,Crops and livestock products,840,United States of America,5510,Production,01921.01,"Seed cotton, unginned",2015,2015,t,8469158.04,I,Value imputed by a receiving agency,
QCL,Crops and livestock products,840,United States of America,5510,Production,01921.01,"Seed cotton, unginned",2016,2016,t,10083328.24,I,Value imputed by a receiving agency,
QCL,Crops and livestock products,840,United States of America,5510,Production,01921.01,"Seed cotton, unginned",2017,2017,t,12000000,E,Estimated value,
QCL,Crops and livestock products,840,United States of America,5510,Production,01921.01,"Seed cotton, unginned",2018,2018,t,11098489.85,I,Value imputed by a receiving agency,
QCL,Crops and livestock products,840,United States of America,5510,Production,01921.01,"Seed cotton, unginned",2019,2019,t,12748778.73,I,Value imputed by a receiving agency,
QCL,Crops and livestock products,840,United States of America,5510,Production,01921.01,"Seed cotton, unginned",2020,2020,t,9190020.36,I,Value imputed by a receiving agency,
QCL,Crops and livestock products,840,United States of America,5510,Production,01921.01,"Seed cotton, unginned",2021,2021,t,11536842.13,I,Value imputed by a receiving agency,
QCL,Crops and livestock products,840,United States of America,5510,Production,01921.01,"Seed cotton, unginned",2022,2022,t,8267307.21,I,Value imputed by a receiving agency,
QCL,Crops and livestock products,840,United States of America,5510,Production,01921.01,"Seed cotton, unginned",2023,2023,t,8094429.05,I,Value imputed by a receiving agency,
QCL,Crops and livestock products,840,United States of America,5510,Production,01921.01,"Seed cotton, unginned",2024,2024,t,9573294.83,I,Value imputed by a receiving agency,
QCL,Crops and livestock products,840,United States of America,5510,Production,1444,Sesame seed,2000,2000,t,,M,Missing value; data cannot exist,
QCL,Crops and livestock products,840,United States of America,5510,Production,1444,Sesame seed,2001,2001,t,,M,Missing value; data cannot exist,
QCL,Crops and livestock products,840,United States of America,5510,Production,1444,Sesame seed,2002,2002,t,,M,Missing value; data cannot exist,
QCL,Crops and livestock products,840,United States of America,5510,Production,1444,Sesame seed,2003,2003,t,,M,Missing value; data cannot exist,
QCL,Crops and livestock products,840,United States of America,5510,Production,1444,Sesame seed,2004,2004,t,,M,Missing value; data cannot exist,
QCL,Crops and livestock products,840,United States of America,5510,Production,1444,Sesame seed,2005,2005,t,,M,Missing value; data cannot exist,
QCL,Crops and livestock products,840,United States of America,5510,Production,1444,Sesame seed,2006,2006,t,,M,Missing value; data cannot exist,
QCL,Crops and livestock products,840,United States of America,5510,Production,1444,Sesame seed,2007,2007,t,,M,Missing value; data cannot exist,
QCL,Crops and livestock products,840,United States of America,5510,Production,1444,Sesame seed,2008,2008,t,,M,Missing value; data cannot exist,
QCL,Crops and livestock products,840,United States of America,5510,Production,1444,Sesame seed,2009,2009,t,,M,Missing value; data cannot exist,
QCL,Crops and livestock products,840,United States of America,5510,Production,1444,Sesame seed,2010,2010,t,,M,Missing value; data cannot exist,
QCL,Crops and livestock products,840,United States of America,5510,Production,1444,Sesame seed,2011,2011,t,,M,Missing value; data cannot exist,
QCL,Crops and livestock products,840,United States of America,5510,Production,1444,Sesame seed,2012,2012,t,,M,Missing value; data cannot exist,
QCL,Crops and livestock products,840,United States of America,5510,Production,1444,Sesame seed,2013,2013,t,,M,Missing value; data cannot exist,
QCL,Crops and livestock products,840,United States of America,5510,Production,1444,Sesame seed,2014,2014,t,,M,Missing value; data cannot exist,
QCL,Crops and livestock products,840,United States of America,5510,Production,1444,Sesame seed,2015,2015,t,,M,Missing value; data cannot exist,
QCL,Crops and livestock products,840,United States of America,5510,Production,1444,Sesame seed,2016,2016,t,,M,Missing value; data cannot exist,
QCL,Crops and livestock products,840,United States of America,5510,Production,1444,Sesame seed,2017,2017,t,,M,Missing value; data cannot exist,
QCL,Crops and livestock products,840,United States of America,5510,Production,1444,Sesame seed,2018,2018,t,,M,Missing value; data cannot exist,
QCL,Crops and livestock products,840,United States of America,5510,Production,1444,Sesame seed,2019,2019,t,,M,Missing value; data cannot exist,
QCL,Crops and livestock products,840,United States of America,5510,Production,1444,Sesame seed,2020,2020,t,,M,Missing value; data cannot exist,
QCL,Crops and livestock products,840,United States of America,5510,Production,1444,Sesame seed,2021,2021,t,,M,Missing value; data cannot exist,
QCL,Crops and livestock products,840,United States of America,5510,Production,1444,Sesame seed,2022,2022,t,,M,Missing value; data cannot exist,
QCL,Crops and livestock products,840,United States of America,5510,Production,1444,Sesame seed,2023,2023,t,,M,Missing value; data cannot exist,
QCL,Crops and livestock products,840,United States of America,5510,Production,1444,Sesame seed,2024,2024,t,,M,Missing value; data cannot exist,
QCL,Crops and livestock products,840,United States of America,5510,Production,114,Sorghum,2000,2000,t,11951910,A,Official figure,
QCL,Crops and livestock products,840,United States of America,5510,Production,114,Sorghum,2001,2001,t,13057220,A,Official figure,
QCL,Crops and livestock products,840,United States of America,5510,Production,114,Sorghum,2002,2002,t,9162530,A,Official figure,
QCL,Crops and livestock products,840,United States of America,5510,Production,114,Sorghum,2003,2003,t,10445440,A,Official figure,
QCL,Crops and livestock products,840,United States of America,5510,Production,114,Sorghum,2004,2004,t,11522120,A,Official figure,
QCL,Crops and livestock products,840,United States of America,5510,Production,114,Sorghum,2005,2005,t,9976030,A,Official figure,
QCL,Crops and livestock products,840,United States of America,5510,Production,114,Sorghum,2006,2006,t,7031650,A,Official figure,
QCL,Crops and livestock products,840,United States of America,5510,Production,114,Sorghum,2007,2007,t,12635690,A,Official figure,
QCL,Crops and livestock products,840,United States of America,5510,Production,114,Sorghum,2008,2008,t,12087270,A,Official figure,
QCL,Crops and livestock products,840,United States of America,5510,Production,114,Sorghum,2009,2009,t,9693210,A,Official figure,
QCL,Crops and livestock products,840,United States of America,5510,Production,114,Sorghum,2010,2010,t,8775190,A,Official figure,
QCL,Crops and livestock products,840,United States of America,5510,Production,114,Sorghum,2011,2011,t,5410270,A,Official figure,
QCL,Crops and livestock products,840,United States of America,5510,Production,114,Sorghum,2012,2012,t,6292940,A,Official figure,
QCL,Crops and livestock products,840,United States of America,5510,Production,114,Sorghum,2013,2013,t,9965670,A,Official figure,
QCL,Crops and livestock products,840,United States of America,5510,Production,114,Sorghum,2014,2014,t,10987910,A,Official figure,
QCL,Crops and livestock products,840,United States of America,5510,Production,114,Sorghum,2015,2015,t,15158170,A,Official figure,
QCL,Crops and livestock products,840,United States of America,5510,Production,114,Sorghum,2016,2016,t,12199190,A,Official figure,
QCL,Crops and livestock products,840,United States of America,5510,Production,114,Sorghum,2017,2017,t,9191950,A,Official figure,
QCL,Crops and livestock products,840,United States of America,5510,Production,114,Sorghum,2018,2018,t,9271070,A,Official figure,
QCL,Crops and livestock products,840,United States of America,5510,Production,114,Sorghum,2019,2019,t,8673480,A,Official figure,
QCL,Crops and livestock products,840,United States of America,5510,Production,114,Sorghum,2020,2020,t,9473620,A,Official figure,
QCL,Crops and livestock products,840,United States of America,5510,Production,114,Sorghum,2021,2021,t,11374900,A,Official figure,
QCL,Crops and livestock products,840,United States of America,5510,Production,114,Sorghum,2022,2022,t,4769960,A,Official figure,
QCL,Crops and livestock products,840,United States of America,5510,Production,114,Sorghum,2023,2023,t,8071090,A,Official figure,
QCL,Crops and livestock products,840,United States of America,5510,Production,114,Sorghum,2024,2024,t,8734190,A,Official figure,
QCL,Crops and livestock products,840,United States of America,5510,Production,01344.01,Sour cherries,2000,2000,t,127640,A,Official figure,
QCL,Crops and livestock products,840,United States of America,5510,Production,01344.01,Sour cherries,2001,2001,t,139700,A,Official figure,
QCL,Crops and livestock products,840,United States of America,5510,Production,01344.01,Sour cherries,2002,2002,t,28395,A,Official figure,
QCL,Crops and livestock products,840,United States of America,5510,Production,01344.01,Sour cherries,2003,2003,t,102693,A,Official figure,
QCL,Crops and livestock products,840,United States of America,5510,Production,01344.01,Sour cherries,2004,2004,t,96615,A,Official figure,
QCL,Crops and livestock products,840,United States of America,5510,Production,01344.01,Sour cherries,2005,2005,t,122651,A,Official figure,
QCL,Crops and livestock products,840,United States of America,5510,Production,01344.01,Sour cherries,2006,2006,t,119658,A,Official figure,
QCL,Crops and livestock products,840,United States of America,5510,Production,01344.01,Sour cherries,2007,2007,t,114850,A,Official figure,
QCL,Crops and livestock products,840,United States of America,5510,Production,01344.01,Sour cherries,2008,2008,t,97250,A,Official figure,
QCL,Crops and livestock products,840,United States of America,5510,Production,01344.01,Sour cherries,2009,2009,t,162930,A,Official figure,
QCL,Crops and livestock products,840,United States of America,5510,Production,01344.01,Sour cherries,2010,2010,t,86364,A,Official figure,
QCL,Crops and livestock products,840,United States of America,5510,Production,01344.01,Sour cherries,2011,2011,t,105097,A,Official figure,
QCL,Crops and livestock products,840,United States of America,5510,Production,01344.01,Sour cherries,2012,2012,t,38646,A,Official figure,
QCL,Crops and livestock products,840,United States of America,5510,Production,01344.01,Sour cherries,2013,2013,t,133447,A,Official figure,
QCL,Crops and livestock products,840,United States of America,5510,Production,01344.01,Sour cherries,2014,2014,t,137983,A,Official figure,
QCL,Crops and livestock products,840,United States of America,5510,Production,01344.01,Sour cherries,2015,2015,t,114577,A,Official figure,
QCL,Crops and livestock products,840,United States of America,5510,Production,01344.01,Sour cherries,2016,2016,t,145424,A,Official figure,
QCL,Crops and livestock products,840,United States of America,5510,Production,01344.01,Sour cherries,2017,2017,t,117700,A,Official figure,
QCL,Crops and livestock products,840,United States of America,5510,Production,01344.01,Sour cherries,2018,2018,t,135310,A,Official figure,
QCL,Crops and livestock products,840,United States of America,5510,Production,01344.01,Sour cherries,2019,2019,t,118296.79,A,Official figure,
QCL,Crops and livestock products,840,United States of America,5510,Production,01344.01,Sour cherries,2020,2020,t,63500,A,Official figure,
QCL,Crops and livestock products,840,United States of America,5510,Production,01344.01,Sour cherries,2021,2021,t,77470,A,Official figure,
QCL,Crops and livestock products,840,United States of America,5510,Production,01344.01,Sour cherries,2022,2022,t,109590,A,Official figure,
QCL,Crops and livestock products,840,United States of America,5510,Production,01344.01,Sour cherries,2023,2023,t,89720,A,Official figure,
QCL,Crops and livestock products,840,United States of America,5510,Production,01344.01,Sour cherries,2024,2024,t,97430,A,Official figure,
QCL,Crops and livestock products,840,United States of America,5510,Production,141,Soya beans,2000,2000,t,75055290,A,Official figure,
QCL,Crops and livestock products,840,United States of America,5510,Production,141,Soya beans,2001,2001,t,78671470,A,Official figure,
QCL,Crops and livestock products,840,United States of America,5510,Production,141,Soya beans,2002,2002,t,75010030,A,Official figure,
QCL,Crops and livestock products,840,United States of America,5510,Production,141,Soya beans,2003,2003,t,66782720,A,Official figure,
QCL,Crops and livestock products,840,United States of America,5510,Production,141,Soya beans,2004,2004,t,85015630,A,Official figure,
QCL,Crops and livestock products,840,United States of America,5510,Production,141,Soya beans,2005,2005,t,83506580,A,Official figure,
QCL,Crops and livestock products,840,United States of America,5510,Production,141,Soya beans,2006,2006,t,87000620,A,Official figure,
QCL,Crops and livestock products,840,United States of America,5510,Production,141,Soya beans,2007,2007,t,72859180,A,Official figure,
QCL,Crops and livestock products,840,United States of America,5510,Production,141,Soya beans,2008,2008,t,80748700,A,Official figure,
QCL,Crops and livestock products,840,United States of America,5510,Production,141,Soya beans,2009,2009,t,91469550,A,Official figure,
QCL,Crops and livestock products,840,United States of America,5510,Production,141,Soya beans,2010,2010,t,90663290,A,Official figure,
QCL,Crops and livestock products,840,United States of America,5510,Production,141,Soya beans,2011,2011,t,84291400,A,Official figure,
QCL,Crops and livestock products,840,United States of America,5510,Production,141,Soya beans,2012,2012,t,82790870,A,Official figure,
QCL,Crops and livestock products,840,United States of America,5510,Production,141,Soya beans,2013,2013,t,91389350,A,Official figure,
QCL,Crops and livestock products,840,United States of America,5510,Production,141,Soya beans,2014,2014,t,106877870,A,Official figure,
QCL,Crops and livestock products,840,United States of America,5510,Production,141,Soya beans,2015,2015,t,106953940,A,Official figure,
QCL,Crops and livestock products,840,United States of America,5510,Production,141,Soya beans,2016,2016,t,116931500,A,Official figure,
QCL,Crops and livestock products,840,United States of America,5510,Production,141,Soya beans,2017,2017,t,120064970,A,Official figure,
QCL,Crops and livestock products,840,United States of America,5510,Production,141,Soya beans,2018,2018,t,120514490,A,Official figure,
QCL,Crops and livestock products,840,United States of America,5510,Production,141,Soya beans,2019,2019,t,96667090,A,Official figure,
QCL,Crops and livestock products,840,United States of America,5510,Production,141,Soya beans,2020,2020,t,114748940,A,Official figure,
QCL,Crops and livestock products,840,United States of America,5510,Production,141,Soya beans,2021,2021,t,121503600,A,Official figure,
QCL,Crops and livestock products,840,United States of America,5510,Production,141,Soya beans,2022,2022,t,116220720,A,Official figure,
QCL,Crops and livestock products,840,United States of America,5510,Production,141,Soya beans,2023,2023,t,113272630,A,Official figure,
QCL,Crops and livestock products,840,United States of America,5510,Production,141,Soya beans,2024,2024,t,118836440,A,Official figure,
QCL,Crops and livestock products,840,United States of America,5510,Production,1215,Spinach,2000,2000,t,328928,A,Official figure,
QCL,Crops and livestock products,840,United States of America,5510,Production,1215,Spinach,2001,2001,t,283952,A,Official figure,
QCL,Crops and livestock products,840,United States of America,5510,Production,1215,Spinach,2002,2002,t,315956,A,Official figure,
QCL,Crops and livestock products,840,United States of America,5510,Production,1215,Spinach,2003,2003,t,350963,A,Official figure,
QCL,Crops and livestock products,840,United States of America,5510,Production,1215,Spinach,2004,2004,t,391308,A,Official figure,
QCL,Crops and livestock products,840,United States of America,5510,Production,1215,Spinach,2005,2005,t,420109,A,Official figure,
QCL,Crops and livestock products,840,United States of America,5510,Production,1215,Spinach,2006,2006,t,343757,A,Official figure,
QCL,Crops and livestock products,840,United States of America,5510,Production,1215,Spinach,2007,2007,t,319100,A,Official figure,
QCL,Crops and livestock products,840,United States of America,5510,Production,1215,Spinach,2008,2008,t,344270,A,Official figure,
QCL,Crops and livestock products,840,United States of America,5510,Production,1215,Spinach,2009,2009,t,390640,A,Official figure,
QCL,Crops and livestock products,840,United States of America,5510,Production,1215,Spinach,2010,2010,t,333350,A,Official figure,
QCL,Crops and livestock products,840,United States of America,5510,Production,1215,Spinach,2011,2011,t,345350,A,Official figure,
QCL,Crops and livestock products,840,United States of America,5510,Production,1215,Spinach,2012,2012,t,311450,A,Official figure,
QCL,Crops and livestock products,840,United States of America,5510,Production,1215,Spinach,2013,2013,t,335350,A,Official figure,
QCL,Crops and livestock products,840,United States of America,5510,Production,1215,Spinach,2014,2014,t,350410,A,Official figure,
QCL,Crops and livestock products,840,United States of America,5510,Production,1215,Spinach,2015,2015,t,343820,A,Official figure,
QCL,Crops and livestock products,840,United States of America,5510,Production,1215,Spinach,2016,2016,t,389205,A,Official figure,
QCL,Crops and livestock products,840,United States of America,5510,Production,1215,Spinach,2017,2017,t,366984,A,Official figure,
QCL,Crops and livestock products,840,United States of America,5510,Production,1215,Spinach,2018,2018,t,384669,A,Official figure,
QCL,Crops and livestock products,840,United States of America,5510,Production,1215,Spinach,2019,2019,t,429371,A,Official figure,
QCL,Crops and livestock products,840,United States of America,5510,Production,1215,Spinach,2020,2020,t,325180,A,Official figure,
QCL,Crops and livestock products,840,United States of America,5510,Production,1215,Spinach,2021,2021,t,363078,A,Official figure,
QCL,Crops and livestock products,840,United States of America,5510,Production,1215,Spinach,2022,2022,t,428804,A,Official figure,
QCL,Crops and livestock products,840,United States of America,5510,Production,1215,Spinach,2023,2023,t,402677,A,Official figure,
QCL,Crops and livestock products,840,United States of America,5510,Production,1215,Spinach,2024,2024,t,280025,A,Official figure,
QCL,Crops and livestock products,840,United States of America,5510,Production,1354,Strawberries,2000,2000,t,862828,A,Official figure,
QCL,Crops and livestock products,840,United States of America,5510,Production,1354,Strawberries,2001,2001,t,748885,A,Official figure,
QCL,Crops and livestock products,840,United States of America,5510,Production,1354,Strawberries,2002,2002,t,854845,A,Official figure,
QCL,Crops and livestock products,840,United States of America,5510,Production,1354,Strawberries,2003,2003,t,977945,A,Official figure,
QCL,Crops and livestock products,840,United States of America,5510,Production,1354,Strawberries,2004,2004,t,1004163,A,Official figure,
QCL,Crops and livestock products,840,United States of America,5510,Production,1354,Strawberries,2005,2005,t,1053242,A,Official figure,
QCL,Crops and livestock products,840,United States of America,5510,Production,1354,Strawberries,2006,2006,t,1090436,A,Official figure,
QCL,Crops and livestock products,840,United States of America,5510,Production,1354,Strawberries,2007,2007,t,1109215,A,Official figure,
QCL,Crops and livestock products,840,United States of America,5510,Production,1354,Strawberries,2008,2008,t,1148350,A,Official figure,
QCL,Crops and livestock products,840,United States of America,5510,Production,1354,Strawberries,2009,2009,t,1270640,A,Official figure,
QCL,Crops and livestock products,840,United States of America,5510,Production,1354,Strawberries,2010,2010,t,1293650,A,Official figure,
QCL,Crops and livestock products,840,United States of America,5510,Production,1354,Strawberries,2011,2011,t,1316150,A,Official figure,
QCL,Crops and livestock products,840,United States of America,5510,Production,1354,Strawberries,2012,2012,t,1384360,A,Official figure,
QCL,Crops and livestock products,840,United States of America,5510,Production,1354,Strawberries,2013,2013,t,1382096,A,Official figure,
QCL,Crops and livestock products,840,United States of America,5510,Production,1354,Strawberries,2014,2014,t,1371530,A,Official figure,
QCL,Crops and livestock products,840,United States of America,5510,Production,1354,Strawberries,2015,2015,t,1390410,A,Official figure,
QCL,Crops and livestock products,840,United States of America,5510,Production,1354,Strawberries,2016,2016,t,1342947,A,Official figure,
QCL,Crops and livestock products,840,United States of America,5510,Production,1354,Strawberries,2017,2017,t,1234130,A,Official figure,
QCL,Crops and livestock products,840,United States of America,5510,Production,1354,Strawberries,2018,2018,t,1183870,A,Official figure,
QCL,Crops and livestock products,840,United States of America,5510,Production,1354,Strawberries,2019,2019,t,1035100,A,Official figure,
QCL,Crops and livestock products,840,United States of America,5510,Production,1354,Strawberries,2020,2020,t,1209730,A,Official figure,
QCL,Crops and livestock products,840,United States of America,5510,Production,1354,Strawberries,2021,2021,t,1211090,A,Official figure,
QCL,Crops and livestock products,840,United States of America,5510,Production,1354,Strawberries,2022,2022,t,1293650,A,Official figure,
QCL,Crops and livestock products,840,United States of America,5510,Production,1354,Strawberries,2023,2023,t,1304530,A,Official figure,
QCL,Crops and livestock products,840,United States of America,5510,Production,1354,Strawberries,2024,2024,t,1466010,A,Official figure,
QCL,Crops and livestock products,840,United States of America,5510,Production,01241.01,String beans,2000,2000,t,1100248,A,Official figure,
QCL,Crops and livestock products,840,United States of America,5510,Production,01241.01,String beans,2001,2001,t,969050,A,Official figure,
QCL,Crops and livestock products,840,United States of America,5510,Production,01241.01,String beans,2002,2002,t,1064278,A,Official figure,
QCL,Crops and livestock products,840,United States of America,5510,Production,01241.01,String beans,2003,2003,t,984509,A,Official figure,
QCL,Crops and livestock products,840,United States of America,5510,Production,01241.01,String beans,2004,2004,t,1097013,A,Official figure,
QCL,Crops and livestock products,840,United States of America,5510,Production,01241.01,String beans,2005,2005,t,1069225,A,Official figure,
QCL,Crops and livestock products,840,United States of America,5510,Production,01241.01,String beans,2006,2006,t,1067767,A,Official figure,
QCL,Crops and livestock products,840,United States of America,5510,Production,01241.01,String beans,2007,2007,t,978690,A,Official figure,
QCL,Crops and livestock products,840,United States of America,5510,Production,01241.01,String beans,2008,2008,t,997170,A,Official figure,
QCL,Crops and livestock products,840,United States of America,5510,Production,01241.01,String beans,2009,2009,t,977660,A,Official figure,
QCL,Crops and livestock products,840,United States of America,5510,Production,01241.01,String beans,2010,2010,t,924550,A,Official figure,
QCL,Crops and livestock products,840,United States of America,5510,Production,01241.01,String beans,2011,2011,t,861150,A,Official figure,
QCL,Crops and livestock products,840,United States of America,5510,Production,01241.01,String beans,2012,2012,t,859720,A,Official figure,
QCL,Crops and livestock products,840,United States of America,5510,Production,01241.01,String beans,2013,2013,t,797760,A,Official figure,
QCL,Crops and livestock products,840,United States of America,5510,Production,01241.01,String beans,2014,2014,t,786750,A,Official figure,
QCL,Crops and livestock products,840,United States of America,5510,Production,01241.01,String beans,2015,2015,t,873120,A,Official figure,
QCL,Crops and livestock products,840,United States of America,5510,Production,01241.01,String beans,2016,2016,t,908140,A,Official figure,
QCL,Crops and livestock products,840,United States of America,5510,Production,01241.01,String beans,2017,2017,t,819930,A,Official figure,
QCL,Crops and livestock products,840,United States of America,5510,Production,01241.01,String beans,2018,2018,t,798110,A,Official figure,
QCL,Crops and livestock products,840,United States of America,5510,Production,01241.01,String beans,2019,2019,t,732652,A,Official figure,
QCL,Crops and livestock products,840,United States of America,5510,Production,01241.01,String beans,2020,2020,t,653318,A,Official figure,
QCL,Crops and livestock products,840,United States of America,5510,Production,01241.01,String beans,2021,2021,t,671662,A,Official figure,
QCL,Crops and livestock products,840,United States of America,5510,Production,01241.01,String beans,2022,2022,t,687088,A,Official figure,
QCL,Crops and livestock products,840,United States of America,5510,Production,01241.01,String beans,2023,2023,t,613253,A,Official figure,
QCL,Crops and livestock products,840,United States of America,5510,Production,01241.01,String beans,2024,2024,t,483366,A,Official figure,
QCL,Crops and livestock products,840,United States of America,5510,Production,1801,Sugar beet,2000,2000,t,32541000,A,Official figure,
QCL,Crops and livestock products,840,United States of America,5510,Production,1801,Sugar beet,2001,2001,t,25708000,A,Official figure,
QCL,Crops and livestock products,840,United States of America,5510,Production,1801,Sugar beet,2002,2002,t,27707000,A,Official figure,
QCL,Crops and livestock products,840,United States of America,5510,Production,1801,Sugar beet,2003,2003,t,30710000,A,Official figure,
QCL,Crops and livestock products,840,United States of America,5510,Production,1801,Sugar beet,2004,2004,t,30021000,A,Official figure,
QCL,Crops and livestock products,840,United States of America,5510,Production,1801,Sugar beet,2005,2005,t,27433000,A,Official figure,
QCL,Crops and livestock products,840,United States of America,5510,Production,1801,Sugar beet,2006,2006,t,34064000,A,Official figure,
QCL,Crops and livestock products,840,United States of America,5510,Production,1801,Sugar beet,2007,2007,t,31912000,A,Official figure,
QCL,Crops and livestock products,840,United States of America,5510,Production,1801,Sugar beet,2008,2008,t,24386030,A,Official figure,
QCL,Crops and livestock products,840,United States of America,5510,Production,1801,Sugar beet,2009,2009,t,27018680,A,Official figure,
QCL,Crops and livestock products,840,United States of America,5510,Production,1801,Sugar beet,2010,2010,t,29060756,A,Official figure,
QCL,Crops and livestock products,840,United States of America,5510,Production,1801,Sugar beet,2011,2011,t,26214040,A,Official figure,
QCL,Crops and livestock products,840,United States of America,5510,Production,1801,Sugar beet,2012,2012,t,31954680,A,Official figure,
QCL,Crops and livestock products,840,United States of America,5510,Production,1801,Sugar beet,2013,2013,t,29745680,A,Official figure,
QCL,Crops and livestock products,840,United States of America,5510,Production,1801,Sugar beet,2014,2014,t,28381270,A,Official figure,
QCL,Crops and livestock products,840,United States of America,5510,Production,1801,Sugar beet,2015,2015,t,32088030,A,Official figure,
QCL,Crops and livestock products,840,United States of America,5510,Production,1801,Sugar beet,2016,2016,t,33493270,A,Official figure,
QCL,Crops and livestock products,840,United States of America,5510,Production,1801,Sugar beet,2017,2017,t,32039040,A,Official figure,
QCL,Crops and livestock products,840,United States of America,5510,Production,1801,Sugar beet,2018,2018,t,30192920,A,Official figure,
QCL,Crops and livestock products,840,United States of America,5510,Production,1801,Sugar beet,2019,2019,t,25990840,A,Official figure,
QCL,Crops and livestock products,840,United States of America,5510,Production,1801,Sugar beet,2020,2020,t,30490480,A,Official figure,
QCL,Crops and livestock products,840,United States of America,5510,Production,1801,Sugar beet,2021,2021,t,33355370,A,Official figure,
QCL,Crops and livestock products,840,United States of America,5510,Production,1801,Sugar beet,2022,2022,t,29614140,A,Official figure,
QCL,Crops and livestock products,840,United States of America,5510,Production,1801,Sugar beet,2023,2023,t,31956490,A,Official figure,
QCL,Crops and livestock products,840,United States of America,5510,Production,1801,Sugar beet,2024,2024,t,32003660,A,Official figure,
QCL,Crops and livestock products,840,United States of America,5510,Production,1802,Sugar cane,2000,2000,t,36114000,A,Official figure,
QCL,Crops and livestock products,840,United States of America,5510,Production,1802,Sugar cane,2001,2001,t,34587000,A,Official figure,
QCL,Crops and livestock products,840,United States of America,5510,Production,1802,Sugar cane,2002,2002,t,35553000,A,Official figure,
QCL,Crops and livestock products,840,United States of America,5510,Production,1802,Sugar cane,2003,2003,t,33858000,A,Official figure,
QCL,Crops and livestock products,840,United States of America,5510,Production,1802,Sugar cane,2004,2004,t,29013000,A,Official figure,
QCL,Crops and livestock products,840,United States of America,5510,Production,1802,Sugar cane,2005,2005,t,26606000,A,Official figure,
QCL,Crops and livestock products,840,United States of America,5510,Production,1802,Sugar cane,2006,2006,t,29564000,A,Official figure,
QCL,Crops and livestock products,840,United States of America,5510,Production,1802,Sugar cane,2007,2007,t,27750600,A,Official figure,
QCL,Crops and livestock products,840,United States of America,5510,Production,1802,Sugar cane,2008,2008,t,25041020,A,Official figure,
QCL,Crops and livestock products,840,United States of America,5510,Production,1802,Sugar cane,2009,2009,t,27607450,A,Official figure,
QCL,Crops and livestock products,840,United States of America,5510,Production,1802,Sugar cane,2010,2010,t,24820574,A,Official figure,
QCL,Crops and livestock products,840,United States of America,5510,Production,1802,Sugar cane,2011,2011,t,26511598,A,Official figure,
QCL,Crops and livestock products,840,United States of America,5510,Production,1802,Sugar cane,2012,2012,t,29235840,A,Official figure,
QCL,Crops and livestock products,840,United States of America,5510,Production,1802,Sugar cane,2013,2013,t,27905910,A,Official figure,
QCL,Crops and livestock products,840,United States of America,5510,Production,1802,Sugar cane,2014,2014,t,27600190,A,Official figure,
QCL,Crops and livestock products,840,United States of America,5510,Production,1802,Sugar cane,2015,2015,t,29140590,A,Official figure,
QCL,Crops and livestock products,840,United States of America,5510,Production,1802,Sugar cane,2016,2016,t,29136968,A,Official figure,
QCL,Crops and livestock products,840,United States of America,5510,Production,1802,Sugar cane,2017,2017,t,30153010,A,Official figure,
QCL,Crops and livestock products,840,United States of America,5510,Production,1802,Sugar cane,2018,2018,t,31335980,A,Official figure,
QCL,Crops and livestock products,840,United States of America,5510,Production,1802,Sugar cane,2019,2019,t,28972760,A,Official figure,
QCL,Crops and livestock products,840,United States of America,5510,Production,1802,Sugar cane,2020,2020,t,32749370,A,Official figure,
QCL,Crops and livestock products,840,United States of America,5510,Production,1802,Sugar cane,2021,2021,t,29790130,A,Official figure,
QCL,Crops and livestock products,840,United States of America,5510,Production,1802,Sugar cane,2022,2022,t,31453000,A,Official figure,
QCL,Crops and livestock products,840,United States of America,5510,Production,1802,Sugar cane,2023,2023,t,29897180,A,Official figure,
QCL,Crops and livestock products,840,United States of America,5510,Production,1802,Sugar cane,2024,2024,t,31609950,A,Official figure,
QCL,Crops and livestock products,840,United States of America,5510,Production,1445,Sunflower seed,2000,2000,t,1607730,A,Official figure,
QCL,Crops and livestock products,840,United States of America,5510,Production,1445,Sunflower seed,2001,2001,t,1550720,A,Official figure,
QCL,Crops and livestock products,840,United States of America,5510,Production,1445,Sunflower seed,2002,2002,t,1111867,A,Official figure,
QCL,Crops and livestock products,840,United States of America,5510,Production,1445,Sunflower seed,2003,2003,t,1208930,A,Official figure,
QCL,Crops and livestock products,840,United States of America,5510,Production,1445,Sunflower seed,2004,2004,t,929690,A,Official figure,
QCL,Crops and livestock products,840,United States of America,5510,Production,1445,Sunflower seed,2005,2005,t,1822151,A,Official figure,
QCL,Crops and livestock products,840,United States of America,5510,Production,1445,Sunflower seed,2006,2006,t,972330,A,Official figure,
QCL,Crops and livestock products,840,United States of America,5510,Production,1445,Sunflower seed,2007,2007,t,1301298,A,Official figure,
QCL,Crops and livestock products,840,United States of America,5510,Production,1445,Sunflower seed,2008,2008,t,1552570,A,Official figure,
QCL,Crops and livestock products,840,United States of America,5510,Production,1445,Sunflower seed,2009,2009,t,1377320,A,Official figure,
QCL,Crops and livestock products,840,United States of America,5510,Production,1445,Sunflower seed,2010,2010,t,1240830,A,Official figure,
QCL,Crops and livestock products,840,United States of America,5510,Production,1445,Sunflower seed,2011,2011,t,924550,A,Official figure,
QCL,Crops and livestock products,840,United States of America,5510,Production,1445,Sunflower seed,2012,2012,t,1241060,A,Official figure,
QCL,Crops and livestock products,840,United States of America,5510,Production,1445,Sunflower seed,2013,2013,t,917060,A,Official figure,
QCL,Crops and livestock products,840,United States of America,5510,Production,1445,Sunflower seed,2014,2014,t,1006540,A,Official figure,
QCL,Crops and livestock products,840,United States of America,5510,Production,1445,Sunflower seed,2015,2015,t,1326180,A,Official figure,
QCL,Crops and livestock products,840,United States of America,5510,Production,1445,Sunflower seed,2016,2016,t,1202760,A,Official figure,
QCL,Crops and livestock products,840,United States of America,5510,Production,1445,Sunflower seed,2017,2017,t,969670,A,Official figure,
QCL,Crops and livestock products,840,United States of America,5510,Production,1445,Sunflower seed,2018,2018,t,955740,A,Official figure,
QCL,Crops and livestock products,840,United States of America,5510,Production,1445,Sunflower seed,2019,2019,t,887240,A,Official figure,
QCL,Crops and livestock products,840,United States of America,5510,Production,1445,Sunflower seed,2020,2020,t,1353020,A,Official figure,
QCL,Crops and livestock products,840,United States of America,5510,Production,1445,Sunflower seed,2021,2021,t,861550,A,Official figure,
QCL,Crops and livestock products,840,United States of America,5510,Production,1445,Sunflower seed,2022,2022,t,1273940,A,Official figure,
QCL,Crops and livestock products,840,United States of America,5510,Production,1445,Sunflower seed,2023,2023,t,1024070,A,Official figure,
QCL,Crops and livestock products,840,United States of America,5510,Production,1445,Sunflower seed,2024,2024,t,519640,A,Official figure,
QCL,Crops and livestock products,840,United States of America,5510,Production,1530,Sweet potatoes,2000,2000,t,625050,A,Official figure,
QCL,Crops and livestock products,840,United States of America,5510,Production,1530,Sweet potatoes,2001,2001,t,658389,A,Official figure,
QCL,Crops and livestock products,840,United States of America,5510,Production,1530,Sweet potatoes,2002,2002,t,580553,A,Official figure,
QCL,Crops and livestock products,840,United States of America,5510,Production,1530,Sweet potatoes,2003,2003,t,720804,A,Official figure,
QCL,Crops and livestock products,840,United States of America,5510,Production,1530,Sweet potatoes,2004,2004,t,730830,A,Official figure,
QCL,Crops and livestock products,840,United States of America,5510,Production,1530,Sweet potatoes,2005,2005,t,713500,A,Official figure,
QCL,Crops and livestock products,840,United States of America,5510,Production,1530,Sweet potatoes,2006,2006,t,743937,A,Official figure,
QCL,Crops and livestock products,840,United States of America,5510,Production,1530,Sweet potatoes,2007,2007,t,819641,A,Official figure,
QCL,Crops and livestock products,840,United States of America,5510,Production,1530,Sweet potatoes,2008,2008,t,836560,A,Official figure,
QCL,Crops and livestock products,840,United States of America,5510,Production,1530,Sweet potatoes,2009,2009,t,883100,A,Official figure,
QCL,Crops and livestock products,840,United States of America,5510,Production,1530,Sweet potatoes,2010,2010,t,1081592,A,Official figure,
QCL,Crops and livestock products,840,United States of America,5510,Production,1530,Sweet potatoes,2011,2011,t,1223068,A,Official figure,
QCL,Crops and livestock products,840,United States of America,5510,Production,1530,Sweet potatoes,2012,2012,t,1201200,A,Official figure,
QCL,Crops and livestock products,840,United States of America,5510,Production,1530,Sweet potatoes,2013,2013,t,1124230,A,Official figure,
QCL,Crops and livestock products,840,United States of America,5510,Production,1530,Sweet potatoes,2014,2014,t,1341910,A,Official figure,
QCL,Crops and livestock products,840,United States of America,5510,Production,1530,Sweet potatoes,2015,2015,t,1406860,A,Official figure,
QCL,Crops and livestock products,840,United States of America,5510,Production,1530,Sweet potatoes,2016,2016,t,1430903,A,Official figure,
QCL,Crops and livestock products,840,United States of America,5510,Production,1530,Sweet potatoes,2017,2017,t,1616880,A,Official figure,
QCL,Crops and livestock products,840,United States of America,5510,Production,1530,Sweet potatoes,2018,2018,t,1241850,A,Official figure,
QCL,Crops and livestock products,840,United States of America,5510,Production,1530,Sweet potatoes,2019,2019,t,1450249,A,Official figure,
QCL,Crops and livestock products,840,United States of America,5510,Production,1530,Sweet potatoes,2020,2020,t,1366583,A,Official figure,
QCL,Crops and livestock products,840,United States of America,5510,Production,1530,Sweet potatoes,2021,2021,t,1362932,A,Official figure,
QCL,Crops and livestock products,840,United States of America,5510,Production,1530,Sweet potatoes,2022,2022,t,1258266,A,Official figure,
QCL,Crops and livestock products,840,United States of America,5510,Production,1530,Sweet potatoes,2023,2023,t,1137882,A,Official figure,
QCL,Crops and livestock products,840,United States of America,5510,Production,1530,Sweet potatoes,2024,2024,t,1119285,A,Official figure,
QCL,Crops and livestock products,840,United States of America,5510,Production,1324,"Tangerines, mandarins, clementines",2000,2000,t,585130,A,Official figure,
QCL,Crops and livestock products,840,United States of America,5510,Production,1324,"Tangerines, mandarins, clementines",2001,2001,t,475360,A,Official figure,
QCL,Crops and livestock products,840,United States of America,5510,Production,1324,"Tangerines, mandarins, clementines",2002,2002,t,532520,A,Official figure,
QCL,Crops and livestock products,840,United States of America,5510,Production,1324,"Tangerines, mandarins, clementines",2003,2003,t,346545,A,Official figure,
QCL,Crops and livestock products,840,United States of America,5510,Production,1324,"Tangerines, mandarins, clementines",2004,2004,t,378296,A,Official figure,
QCL,Crops and livestock products,840,United States of America,5510,Production,1324,"Tangerines, mandarins, clementines",2005,2005,t,303910,A,Official figure,
QCL,Crops and livestock products,840,United States of America,5510,Production,1324,"Tangerines, mandarins, clementines",2006,2006,t,378300,A,Official figure,
QCL,Crops and livestock products,840,United States of America,5510,Production,1324,"Tangerines, mandarins, clementines",2007,2007,t,327494,A,Official figure,
QCL,Crops and livestock products,840,United States of America,5510,Production,1324,"Tangerines, mandarins, clementines",2008,2008,t,478090,A,Official figure,
QCL,Crops and livestock products,840,United States of America,5510,Production,1324,"Tangerines, mandarins, clementines",2009,2009,t,401880,A,Official figure,
QCL,Crops and livestock products,840,United States of America,5510,Production,1324,"Tangerines, mandarins, clementines",2010,2010,t,540682,A,Official figure,
QCL,Crops and livestock products,840,United States of America,5510,Production,1324,"Tangerines, mandarins, clementines",2011,2011,t,596021,A,Official figure,
QCL,Crops and livestock products,840,United States of America,5510,Production,1324,"Tangerines, mandarins, clementines",2012,2012,t,682000,A,Official figure,
QCL,Crops and livestock products,840,United States of America,5510,Production,1324,"Tangerines, mandarins, clementines",2013,2013,t,618700,A,Official figure,
QCL,Crops and livestock products,840,United States of America,5510,Production,1324,"Tangerines, mandarins, clementines",2014,2014,t,664059,A,Official figure,
QCL,Crops and livestock products,840,United States of America,5510,Production,1324,"Tangerines, mandarins, clementines",2015,2015,t,782900,A,Official figure,
QCL,Crops and livestock products,840,United States of America,5510,Production,1324,"Tangerines, mandarins, clementines",2016,2016,t,848220,A,Official figure,
QCL,Crops and livestock products,840,United States of America,5510,Production,1324,"Tangerines, mandarins, clementines",2017,2017,t,933490,A,Official figure,
QCL,Crops and livestock products,840,United States of America,5510,Production,1324,"Tangerines, mandarins, clementines",2018,2018,t,729380,A,Official figure,
QCL,Crops and livestock products,840,United States of America,5510,Production,1324,"Tangerines, mandarins, clementines",2019,2019,t,1004250,A,Official figure,
QCL,Crops and livestock products,840,United States of America,5510,Production,1324,"Tangerines, mandarins, clementines",2020,2020,t,856380,A,Official figure,
QCL,Crops and livestock products,840,United States of America,5510,Production,1324,"Tangerines, mandarins, clementines",2021,2021,t,1083180,A,Official figure,
QCL,Crops and livestock products,840,United States of America,5510,Production,1324,"Tangerines, mandarins, clementines",2022,2022,t,667690,A,Official figure,
QCL,Crops and livestock products,840,United States of America,5510,Production,1324,"Tangerines, mandarins, clementines",2023,2023,t,873620,A,Official figure,
QCL,Crops and livestock products,840,United States of America,5510,Production,1324,"Tangerines, mandarins, clementines",2024,2024,t,1013330,A,Official figure,
QCL,Crops and livestock products,840,United States of America,5510,Production,1550,Taro,2000,2000,t,3180,A,Official figure,
QCL,Crops and livestock products,840,United States of America,5510,Production,1550,Taro,2001,2001,t,2900,A,Official figure,
QCL,Crops and livestock products,840,United States of America,5510,Production,1550,Taro,2002,2002,t,2770,A,Official figure,
QCL,Crops and livestock products,840,United States of America,5510,Production,1550,Taro,2003,2003,t,2270,A,Official figure,
QCL,Crops and livestock products,840,United States of America,5510,Production,1550,Taro,2004,2004,t,2360,A,Official figure,
QCL,Crops and livestock products,840,United States of America,5510,Production,1550,Taro,2005,2005,t,1810,A,Official figure,
QCL,Crops and livestock products,840,United States of America,5510,Production,1550,Taro,2006,2006,t,2040,A,Official figure,
QCL,Crops and livestock products,840,United States of America,5510,Production,1550,Taro,2007,2007,t,1810,A,Official figure,
QCL,Crops and livestock products,840,United States of America,5510,Production,1550,Taro,2008,2008,t,1950,A,Official figure,
QCL,Crops and livestock products,840,United States of America,5510,Production,1550,Taro,2009,2009,t,1810,A,Official figure,
QCL,Crops and livestock products,840,United States of America,5510,Production,1550,Taro,2010,2010,t,1770,A,Official figure,
QCL,Crops and livestock products,840,United States of America,5510,Production,1550,Taro,2011,2011,t,1860,A,Official figure,
QCL,Crops and livestock products,840,United States of America,5510,Production,1550,Taro,2012,2012,t,1588,A,Official figure,
QCL,Crops and livestock products,840,United States of America,5510,Production,1550,Taro,2013,2013,t,1550,A,Official figure,
QCL,Crops and livestock products,840,United States of America,5510,Production,1550,Taro,2014,2014,t,1470,A,Official figure,
QCL,Crops and livestock products,840,United States of America,5510,Production,1550,Taro,2015,2015,t,1590,A,Official figure,
QCL,Crops and livestock products,840,United States of America,5510,Production,1550,Taro,2016,2016,t,1590,A,Official figure,
QCL,Crops and livestock products,840,United States of America,5510,Production,1550,Taro,2017,2017,t,1670,A,Official figure,
QCL,Crops and livestock products,840,United States of America,5510,Production,1550,Taro,2018,2018,t,1350,A,Official figure,
QCL,Crops and livestock products,840,United States of America,5510,Production,1550,Taro,2019,2019,t,1536.67,E,Estimated value,
QCL,Crops and livestock products,840,United States of America,5510,Production,1550,Taro,2020,2020,t,1518.89,E,Estimated value,
QCL,Crops and livestock products,840,United States of America,5510,Production,1550,Taro,2021,2021,t,1468.52,E,Estimated value,
QCL,Crops and livestock products,840,United States of America,5510,Production,1550,Taro,2022,2022,t,1508.02,E,Estimated value,
QCL,Crops and livestock products,840,United States of America,5510,Production,1550,Taro,2023,2023,t,1498.48,E,Estimated value,
QCL,Crops and livestock products,840,United States of America,5510,Production,1550,Taro,2024,2024,t,1491.67,E,Estimated value,
QCL,Crops and livestock products,840,United States of America,5510,Production,1234,Tomatoes,2000,2000,t,12622261,A,Official figure,
QCL,Crops and livestock products,840,United States of America,5510,Production,1234,Tomatoes,2001,2001,t,10958809,A,Official figure,
QCL,Crops and livestock products,840,United States of America,5510,Production,1234,Tomatoes,2002,2002,t,13466501,A,Official figure,
QCL,Crops and livestock products,840,United States of America,5510,Production,1234,Tomatoes,2003,2003,t,11423794,A,Official figure,
QCL,Crops and livestock products,840,United States of America,5510,Production,1234,Tomatoes,2004,2004,t,13987702,A,Official figure,
QCL,Crops and livestock products,840,United States of America,5510,Production,1234,Tomatoes,2005,2005,t,11918268,A,Official figure,
QCL,Crops and livestock products,840,United States of America,5510,Production,1234,Tomatoes,2006,2006,t,12257172,A,Official figure,
QCL,Crops and livestock products,840,United States of America,5510,Production,1234,Tomatoes,2007,2007,t,14185180,A,Official figure,
QCL,Crops and livestock products,840,United States of America,5510,Production,1234,Tomatoes,2008,2008,t,13700670,A,Official figure,
QCL,Crops and livestock products,840,United States of America,5510,Production,1234,Tomatoes,2009,2009,t,15457480,A,Official figure,
QCL,Crops and livestock products,840,United States of America,5510,Production,1234,Tomatoes,2010,2010,t,14053000,A,Official figure,
QCL,Crops and livestock products,840,United States of America,5510,Production,1234,Tomatoes,2011,2011,t,13761700,A,Official figure,
QCL,Crops and livestock products,840,United States of America,5510,Production,1234,Tomatoes,2012,2012,t,14478750,A,Official figure,
QCL,Crops and livestock products,840,United States of America,5510,Production,1234,Tomatoes,2013,2013,t,13828580,A,Official figure,
QCL,Crops and livestock products,840,United States of America,5510,Production,1234,Tomatoes,2014,2014,t,15875000,A,Official figure,
QCL,Crops and livestock products,840,United States of America,5510,Production,1234,Tomatoes,2015,2015,t,14580440,A,Official figure,
QCL,Crops and livestock products,840,United States of America,5510,Production,1234,Tomatoes,2016,2016,t,12877049,A,Official figure,
QCL,Crops and livestock products,840,United States of America,5510,Production,1234,Tomatoes,2017,2017,t,11138620,A,Official figure,
QCL,Crops and livestock products,840,United States of America,5510,Production,1234,Tomatoes,2018,2018,t,12613090,A,Official figure,
QCL,Crops and livestock products,840,United States of America,5510,Production,1234,Tomatoes,2019,2019,t,10858982,A,Official figure,
QCL,Crops and livestock products,840,United States of America,5510,Production,1234,Tomatoes,2020,2020,t,10939109,A,Official figure,
QCL,Crops and livestock products,840,United States of America,5510,Production,1234,Tomatoes,2021,2021,t,10445714,A,Official figure,
QCL,Crops and livestock products,840,United States of America,5510,Production,1234,Tomatoes,2022,2022,t,10234317,A,Official figure,
QCL,Crops and livestock products,840,United States of America,5510,Production,1234,Tomatoes,2023,2023,t,12361824,A,Official figure,
QCL,Crops and livestock products,840,United States of America,5510,Production,1234,Tomatoes,2024,2024,t,10683555,A,Official figure,
QCL,Crops and livestock products,840,United States of America,5510,Production,01929.02,"True hemp, raw or retted",2020,2020,t,,M,Missing value; data cannot exist,
QCL,Crops and livestock products,840,United States of America,5510,Production,01929.02,"True hemp, raw or retted",2021,2021,t,15081,A,Official figure,
QCL,Crops and livestock products,840,United States of America,5510,Production,01929.02,"True hemp, raw or retted",2022,2022,t,9539,A,Official figure,
QCL,Crops and livestock products,840,United States of America,5510,Production,01929.02,"True hemp, raw or retted",2023,2023,t,22255,A,Official figure,
QCL,Crops and livestock products,840,United States of America,5510,Production,01929.02,"True hemp, raw or retted",2024,2024,t,27412,A,Official figure,
QCL,Crops and livestock products,840,United States of America,5510,Production,01499.02,Tung nuts,2000,2000,t,,M,Missing value; data cannot exist,
QCL,Crops and livestock products,840,United States of America,5510,Production,01499.02,Tung nuts,2001,2001,t,,M,Missing value; data cannot exist,
QCL,Crops and livestock products,840,United States of America,5510,Production,01499.02,Tung nuts,2002,2002,t,,M,Missing value; data cannot exist,
QCL,Crops and livestock products,840,United States of America,5510,Production,01499.02,Tung nuts,2003,2003,t,,M,Missing value; data cannot exist,
QCL,Crops and livestock products,840,United States of America,5510,Production,01499.02,Tung nuts,2004,2004,t,,M,Missing value; data cannot exist,
QCL,Crops and livestock products,840,United States of America,5510,Production,01499.02,Tung nuts,2005,2005,t,,M,Missing value; data cannot exist,
QCL,Crops and livestock products,840,United States of America,5510,Production,01499.02,Tung nuts,2006,2006,t,,M,Missing value; data cannot exist,
QCL,Crops and livestock products,840,United States of America,5510,Production,01499.02,Tung nuts,2007,2007,t,,M,Missing value; data cannot exist,
QCL,Crops and livestock products,840,United States of America,5510,Production,01499.02,Tung nuts,2008,2008,t,,M,Missing value; data cannot exist,
QCL,Crops and livestock products,840,United States of America,5510,Production,01499.02,Tung nuts,2009,2009,t,,M,Missing value; data cannot exist,
QCL,Crops and livestock products,840,United States of America,5510,Production,01499.02,Tung nuts,2010,2010,t,,M,Missing value; data cannot exist,
QCL,Crops and livestock products,840,United States of America,5510,Production,01499.02,Tung nuts,2011,2011,t,,M,Missing value; data cannot exist,
QCL,Crops and livestock products,840,United States of America,5510,Production,01499.02,Tung nuts,2012,2012,t,,M,Missing value; data cannot exist,
QCL,Crops and livestock products,840,United States of America,5510,Production,01499.02,Tung nuts,2013,2013,t,,M,Missing value; data cannot exist,
QCL,Crops and livestock products,840,United States of America,5510,Production,01499.02,Tung nuts,2014,2014,t,,M,Missing value; data cannot exist,
QCL,Crops and livestock products,840,United States of America,5510,Production,01499.02,Tung nuts,2015,2015,t,,M,Missing value; data cannot exist,
QCL,Crops and livestock products,840,United States of America,5510,Production,01499.02,Tung nuts,2016,2016,t,,M,Missing value; data cannot exist,
QCL,Crops and livestock products,840,United States of America,5510,Production,01499.02,Tung nuts,2017,2017,t,,M,Missing value; data cannot exist,
QCL,Crops and livestock products,840,United States of America,5510,Production,01499.02,Tung nuts,2018,2018,t,,M,Missing value; data cannot exist,
QCL,Crops and livestock products,840,United States of America,5510,Production,01499.02,Tung nuts,2019,2019,t,,M,Missing value; data cannot exist,
QCL,Crops and livestock products,840,United States of America,5510,Production,01499.02,Tung nuts,2020,2020,t,,M,Missing value; data cannot exist,
QCL,Crops and livestock products,840,United States of America,5510,Production,01499.02,Tung nuts,2021,2021,t,,M,Missing value; data cannot exist,
QCL,Crops and livestock products,840,United States of America,5510,Production,01499.02,Tung nuts,2022,2022,t,,M,Missing value; data cannot exist,
QCL,Crops and livestock products,840,United States of America,5510,Production,01499.02,Tung nuts,2023,2023,t,,M,Missing value; data cannot exist,
QCL,Crops and livestock products,840,United States of America,5510,Production,01499.02,Tung nuts,2024,2024,t,,M,Missing value; data cannot exist,
QCL,Crops and livestock products,840,United States of America,5510,Production,1970,Unmanufactured tobacco,2000,2000,t,477750,A,Official figure,
QCL,Crops and livestock products,840,United States of America,5510,Production,1970,Unmanufactured tobacco,2001,2001,t,449641,A,Official figure,
QCL,Crops and livestock products,840,United States of America,5510,Production,1970,Unmanufactured tobacco,2002,2002,t,395132,A,Official figure,
QCL,Crops and livestock products,840,United States of America,5510,Production,1970,Unmanufactured tobacco,2003,2003,t,364033,A,Official figure,
QCL,Crops and livestock products,840,United States of America,5510,Production,1970,Unmanufactured tobacco,2004,2004,t,400010,A,Official figure,
QCL,Crops and livestock products,840,United States of America,5510,Production,1970,Unmanufactured tobacco,2005,2005,t,292572,A,Official figure,
QCL,Crops and livestock products,840,United States of America,5510,Production,1970,Unmanufactured tobacco,2006,2006,t,330167,A,Official figure,
QCL,Crops and livestock products,840,United States of America,5510,Production,1970,Unmanufactured tobacco,2007,2007,t,357272,A,Official figure,
QCL,Crops and livestock products,840,United States of America,5510,Production,1970,Unmanufactured tobacco,2008,2008,t,363101,A,Official figure,
QCL,Crops and livestock products,840,United States of America,5510,Production,1970,Unmanufactured tobacco,2009,2009,t,373115,A,Official figure,
QCL,Crops and livestock products,840,United States of America,5510,Production,1970,Unmanufactured tobacco,2010,2010,t,325766,A,Official figure,
QCL,Crops and livestock products,840,United States of America,5510,Production,1970,Unmanufactured tobacco,2011,2011,t,271363,A,Official figure,
QCL,Crops and livestock products,840,United States of America,5510,Production,1970,Unmanufactured tobacco,2012,2012,t,336245,A,Official figure,
QCL,Crops and livestock products,840,United States of America,5510,Production,1970,Unmanufactured tobacco,2013,2013,t,328210,A,Official figure,
QCL,Crops and livestock products,840,United States of America,5510,Production,1970,Unmanufactured tobacco,2014,2014,t,397533,A,Official figure,
QCL,Crops and livestock products,840,United States of America,5510,Production,1970,Unmanufactured tobacco,2015,2015,t,326210,A,Official figure,
QCL,Crops and livestock products,840,United States of America,5510,Production,1970,Unmanufactured tobacco,2016,2016,t,285180,A,Official figure,
QCL,Crops and livestock products,840,United States of America,5510,Production,1970,Unmanufactured tobacco,2017,2017,t,322120,A,Official figure,
QCL,Crops and livestock products,840,United States of America,5510,Production,1970,Unmanufactured tobacco,2018,2018,t,241870,A,Official figure,
QCL,Crops and livestock products,840,United States of America,5510,Production,1970,Unmanufactured tobacco,2019,2019,t,212260,A,Official figure,
QCL,Crops and livestock products,840,United States of America,5510,Production,1970,Unmanufactured tobacco,2020,2020,t,169130,A,Official figure,
QCL,Crops and livestock products,840,United States of America,5510,Production,1970,Unmanufactured tobacco,2021,2021,t,207030,A,Official figure,
QCL,Crops and livestock products,840,United States of America,5510,Production,1970,Unmanufactured tobacco,2022,2022,t,198570,A,Official figure,
QCL,Crops and livestock products,840,United States of America,5510,Production,1970,Unmanufactured tobacco,2023,2023,t,194480,A,Official figure,
QCL,Crops and livestock products,840,United States of America,5510,Production,1970,Unmanufactured tobacco,2024,2024,t,147520,A,Official figure,
QCL,Crops and livestock products,840,United States of America,5510,Production,1376,"Walnuts, in shell",2000,2000,t,216820,A,Official figure,
QCL,Crops and livestock products,840,United States of America,5510,Production,1376,"Walnuts, in shell",2001,2001,t,276690,A,Official figure,
QCL,Crops and livestock products,840,United States of America,5510,Production,1376,"Walnuts, in shell",2002,2002,t,255830,A,Official figure,
QCL,Crops and livestock products,840,United States of America,5510,Production,1376,"Walnuts, in shell",2003,2003,t,295740,A,Official figure,
QCL,Crops and livestock products,840,United States of America,5510,Production,1376,"Walnuts, in shell",2004,2004,t,294835,A,Official figure,
QCL,Crops and livestock products,840,United States of America,5510,Production,1376,"Walnuts, in shell",2005,2005,t,322051,A,Official figure,
QCL,Crops and livestock products,840,United States of America,5510,Production,1376,"Walnuts, in shell",2006,2006,t,317515,A,Official figure,
QCL,Crops and livestock products,840,United States of America,5510,Production,1376,"Walnuts, in shell",2007,2007,t,297555,A,Official figure,
QCL,Crops and livestock products,840,United States of America,5510,Production,1376,"Walnuts, in shell",2008,2008,t,395530,A,Official figure,
QCL,Crops and livestock products,840,United States of America,5510,Production,1376,"Walnuts, in shell",2009,2009,t,396440,A,Official figure,
QCL,Crops and livestock products,840,United States of America,5510,Production,1376,"Walnuts, in shell",2010,2010,t,457221,A,Official figure,
QCL,Crops and livestock products,840,United States of America,5510,Production,1376,"Walnuts, in shell",2011,2011,t,418212,A,Official figure,
QCL,Crops and livestock products,840,United States of America,5510,Production,1376,"Walnuts, in shell",2012,2012,t,497000,A,Official figure,
QCL,Crops and livestock products,840,United States of America,5510,Production,1376,"Walnuts, in shell",2013,2013,t,446334,A,Official figure,
QCL,Crops and livestock products,840,United States of America,5510,Production,1376,"Walnuts, in shell",2014,2014,t,518002,A,Official figure,
QCL,Crops and livestock products,840,United States of America,5510,Production,1376,"Walnuts, in shell",2015,2015,t,549754,A,Official figure,
QCL,Crops and livestock products,840,United States of America,5510,Production,1376,"Walnuts, in shell",2016,2016,t,625050,A,Official figure,
QCL,Crops and livestock products,840,United States of America,5510,Production,1376,"Walnuts, in shell",2017,2017,t,571530,A,Official figure,
QCL,Crops and livestock products,840,United States of America,5510,Production,1376,"Walnuts, in shell",2018,2018,t,615980,A,Official figure,
QCL,Crops and livestock products,840,United States of America,5510,Production,1376,"Walnuts, in shell",2019,2019,t,594206.18,A,Official figure,
QCL,Crops and livestock products,840,United States of America,5510,Production,1376,"Walnuts, in shell",2020,2020,t,716680,A,Official figure,
QCL,Crops and livestock products,840,United States of America,5510,Production,1376,"Walnuts, in shell",2021,2021,t,666780,A,Official figure,
QCL,Crops and livestock products,840,United States of America,5510,Production,1376,"Walnuts, in shell",2022,2022,t,685830,A,Official figure,
QCL,Crops and livestock products,840,United States of America,5510,Production,1376,"Walnuts, in shell",2023,2023,t,751150,A,Official figure,
QCL,Crops and livestock products,840,United States of America,5510,Production,1376,"Walnuts, in shell",2024,2024,t,547030,A,Official figure,
QCL,Crops and livestock products,840,United States of America,5510,Production,1221,Watermelons,2000,2000,t,1686700,A,Official figure,
QCL,Crops and livestock products,840,United States of America,5510,Production,1221,Watermelons,2001,2001,t,1843750,A,Official figure,
QCL,Crops and livestock products,840,United States of America,5510,Production,1221,Watermelons,2002,2002,t,1795540,A,Official figure,
QCL,Crops and livestock products,840,United States of America,5510,Production,1221,Watermelons,2003,2003,t,1733670,A,Official figure,
QCL,Crops and livestock products,840,United States of America,5510,Production,1221,Watermelons,2004,2004,t,1672930,A,Official figure,
QCL,Crops and livestock products,840,United States of America,5510,Production,1221,Watermelons,2005,2005,t,1741920,A,Official figure,
QCL,Crops and livestock products,840,United States of America,5510,Production,1221,Watermelons,2006,2006,t,1908390,A,Official figure,
QCL,Crops and livestock products,840,United States of America,5510,Production,1221,Watermelons,2007,2007,t,1694110,A,Official figure,
QCL,Crops and livestock products,840,United States of America,5510,Production,1221,Watermelons,2008,2008,t,1814500,A,Official figure,
QCL,Crops and livestock products,840,United States of America,5510,Production,1221,Watermelons,2009,2009,t,1764960,A,Official figure,
QCL,Crops and livestock products,840,United States of America,5510,Production,1221,Watermelons,2010,2010,t,1893100,A,Official figure,
QCL,Crops and livestock products,840,United States of America,5510,Production,1221,Watermelons,2011,2011,t,1638700,A,Official figure,
QCL,Crops and livestock products,840,United States of America,5510,Production,1221,Watermelons,2012,2012,t,1639860,A,Official figure,
QCL,Crops and livestock products,840,United States of America,5510,Production,1221,Watermelons,2013,2013,t,1637550,A,Official figure,
QCL,Crops and livestock products,840,United States of America,5510,Production,1221,Watermelons,2014,2014,t,1508780,A,Official figure,
QCL,Crops and livestock products,840,United States of America,5510,Production,1221,Watermelons,2015,2015,t,1609030,A,Official figure,
QCL,Crops and livestock products,840,United States of America,5510,Production,1221,Watermelons,2016,2016,t,1802940,A,Official figure,
QCL,Crops and livestock products,840,United States of America,5510,Production,1221,Watermelons,2017,2017,t,1842360,A,Official figure,
QCL,Crops and livestock products,840,United States of America,5510,Production,1221,Watermelons,2018,2018,t,1771051,A,Official figure,
QCL,Crops and livestock products,840,United States of America,5510,Production,1221,Watermelons,2019,2019,t,1638104,A,Official figure,
QCL,Crops and livestock products,840,United States of America,5510,Production,1221,Watermelons,2020,2020,t,1561787,A,Official figure,
QCL,Crops and livestock products,840,United States of America,5510,Production,1221,Watermelons,2021,2021,t,1605491,A,Official figure,
QCL,Crops and livestock products,840,United States of America,5510,Production,1221,Watermelons,2022,2022,t,1620935,A,Official figure,
QCL,Crops and livestock products,840,United States of America,5510,Production,1221,Watermelons,2023,2023,t,1665660,A,Official figure,
QCL,Crops and livestock products,840,United States of America,5510,Production,1221,Watermelons,2024,2024,t,1677612,A,Official figure,
QCL,Crops and livestock products,840,United States of America,5510,Production,111,Wheat,2000,2000,t,60639376,A,Official figure,
QCL,Crops and livestock products,840,United States of America,5510,Production,111,Wheat,2001,2001,t,52999932,A,Official figure,
QCL,Crops and livestock products,840,United States of America,5510,Production,111,Wheat,2002,2002,t,43703968,A,Official figure,
QCL,Crops and livestock products,840,United States of America,5510,Production,111,Wheat,2003,2003,t,63803256,A,Official figure,
QCL,Crops and livestock products,840,United States of America,5510,Production,111,Wheat,2004,2004,t,58697040,A,Official figure,
QCL,Crops and livestock products,840,United States of America,5510,Production,111,Wheat,2005,2005,t,57241992,A,Official figure,
QCL,Crops and livestock products,840,United States of America,5510,Production,111,Wheat,2006,2006,t,49216040,A,Official figure,
QCL,Crops and livestock products,840,United States of America,5510,Production,111,Wheat,2007,2007,t,55820360,A,Official figure,
QCL,Crops and livestock products,840,United States of America,5510,Production,111,Wheat,2008,2008,t,68016096,A,Official figure,
QCL,Crops and livestock products,840,United States of America,5510,Production,111,Wheat,2009,2009,t,60365728,A,Official figure,
QCL,Crops and livestock products,840,United States of America,5510,Production,111,Wheat,2010,2010,t,60062408,A,Official figure,
QCL,Crops and livestock products,840,United States of America,5510,Production,111,Wheat,2011,2011,t,54418808,A,Official figure,
QCL,Crops and livestock products,840,United States of America,5510,Production,111,Wheat,2012,2012,t,61677384,A,Official figure,
QCL,Crops and livestock products,840,United States of America,5510,Production,111,Wheat,2013,2013,t,58104610,A,Official figure,
QCL,Crops and livestock products,840,United States of America,5510,Production,111,Wheat,2014,2014,t,55147120,A,Official figure,
QCL,Crops and livestock products,840,United States of America,5510,Production,111,Wheat,2015,2015,t,55839540,A,Official figure,
QCL,Crops and livestock products,840,United States of America,5510,Production,111,Wheat,2016,2016,t,62831507,A,Official figure,
QCL,Crops and livestock products,840,United States of America,5510,Production,111,Wheat,2017,2017,t,47379810,A,Official figure,
QCL,Crops and livestock products,840,United States of America,5510,Production,111,Wheat,2018,2018,t,51305540,A,Official figure,
QCL,Crops and livestock products,840,United States of America,5510,Production,111,Wheat,2019,2019,t,52580890,A,Official figure,
QCL,Crops and livestock products,840,United States of America,5510,Production,111,Wheat,2020,2020,t,49751180,A,Official figure,
QCL,Crops and livestock products,840,United States of America,5510,Production,111,Wheat,2021,2021,t,44803690,A,Official figure,
QCL,Crops and livestock products,840,United States of America,5510,Production,111,Wheat,2022,2022,t,44897830,A,Official figure,
QCL,Crops and livestock products,840,United States of America,5510,Production,111,Wheat,2023,2023,t,49313930,A,Official figure,
QCL,Crops and livestock products,840,United States of America,5510,Production,111,Wheat,2024,2024,t,53650020,A,Official figure,
